TABLE_NAME	COLUMN_NAME	COLUMN_TYPE	IS_NULLABLE	COLUMN_DEFAULT	COLUMN_COMMENT
AI_GENERATION_HISTORY	ID	bigint	NO	NULL	
AI_GENERATION_HISTORY	TABLE_NAME	varchar(100)	NO	NULL	
AI_GENERATION_HISTORY	DOMAIN	varchar(100)	NO	NULL	
AI_GENERATION_HISTORY	PACKAGE_NAME	varchar(200)	YES	NULL	
AI_GENERATION_HISTORY	OUTPUT_PATH	varchar(500)	YES	NULL	
AI_GENERATION_HISTORY	GENERATED_FILES	text	YES	NULL	
AI_GENERATION_HISTORY	CREATED_AT	datetime	YES	CURRENT_TIMESTAMP	
COMTCADMINISTCODE	ADMINIST_ZONE_SE	char(1)	NO	NULL	행정구역구분
COMTCADMINISTCODE	ADMINIST_ZONE_CODE	varchar(10)	NO	NULL	행정구역코드
COMTCADMINISTCODE	USE_AT	char(1)	NO	NULL	사용여부
COMTCADMINISTCODE	ADMINIST_ZONE_NM	varchar(60)	YES	NULL	행정구역명
COMTCADMINISTCODE	UPPER_ADMINIST_ZONE_CODE	varchar(10)	YES	NULL	상위행정구역코드
COMTCADMINISTCODE	CREAT_DE	char(20)	YES	NULL	생성일
COMTCADMINISTCODE	ABL_DE	char(20)	YES	NULL	폐지일
COMTCADMINISTCODE	FRST_REGIST_PNTTM	datetime	YES	NULL	최초등록시점
COMTCADMINISTCODE	FRST_REGISTER_ID	varchar(20)	YES	NULL	최초등록자ID
COMTCADMINISTCODE	LAST_UPDT_PNTTM	datetime	YES	NULL	최종수정시점
COMTCADMINISTCODE	LAST_UPDUSR_ID	varchar(20)	YES	NULL	최종수정자ID
COMTCADMINISTCODERECPTNLOG	OCCRRNC_DE	char(20)	NO	NULL	발생일
COMTCADMINISTCODERECPTNLOG	ADMINIST_ZONE_SE	char(1)	NO	NULL	행정구역구분
COMTCADMINISTCODERECPTNLOG	ADMINIST_ZONE_CODE	varchar(10)	NO	NULL	행정구역코드
COMTCADMINISTCODERECPTNLOG	OPERT_SN	decimal(10,0)	NO	NULL	작업일련번호
COMTCADMINISTCODERECPTNLOG	CHANGE_SE_CODE	varchar(2)	YES	NULL	변경구분코드
COMTCADMINISTCODERECPTNLOG	PROCESS_SE	varchar(2)	YES	NULL	처리구분
COMTCADMINISTCODERECPTNLOG	ADMINIST_ZONE_NM	varchar(60)	YES	NULL	행정구역명
COMTCADMINISTCODERECPTNLOG	LOWEST_ADMINIST_ZONE_NM	varchar(60)	YES	NULL	최하위행정구역명
COMTCADMINISTCODERECPTNLOG	CTPRVN_CODE	varchar(2)	YES	NULL	시도코드
COMTCADMINISTCODERECPTNLOG	SIGNGU_CODE	varchar(3)	YES	NULL	시군구코드
COMTCADMINISTCODERECPTNLOG	EMD_CODE	varchar(3)	YES	NULL	읍면동코드
COMTCADMINISTCODERECPTNLOG	LI_CODE	varchar(2)	YES	NULL	리코드
COMTCADMINISTCODERECPTNLOG	CREAT_DE	char(20)	YES	NULL	생성일
COMTCADMINISTCODERECPTNLOG	ABL_DE	char(20)	YES	NULL	폐지일
COMTCADMINISTCODERECPTNLOG	ABL_ENNC	char(1)	YES	NULL	폐지유무
COMTCADMINISTCODERECPTNLOG	FRST_REGISTER_ID	varchar(20)	YES	NULL	최초등록자ID
COMTCADMINISTCODERECPTNLOG	FRST_REGIST_PNTTM	datetime	YES	NULL	최초등록시점
COMTCADMINISTCODERECPTNLOG	LAST_UPDUSR_ID	varchar(20)	YES	NULL	최종수정자ID
COMTCADMINISTCODERECPTNLOG	LAST_UPDT_PNTTM	datetime	YES	NULL	최종수정시점
COMTCCMMNCLCODE	CL_CODE	char(3)	NO	NULL	분류코드
COMTCCMMNCLCODE	CL_CODE_NM	varchar(60)	YES	NULL	분류코드명
COMTCCMMNCLCODE	CL_CODE_DC	varchar(200)	YES	NULL	분류코드설명
COMTCCMMNCLCODE	USE_AT	char(1)	YES	NULL	사용여부
COMTCCMMNCLCODE	FRST_REGIST_PNTTM	datetime	YES	NULL	최초등록시점
COMTCCMMNCLCODE	FRST_REGISTER_ID	varchar(20)	YES	NULL	최초등록자ID
COMTCCMMNCLCODE	LAST_UPDT_PNTTM	datetime	YES	NULL	최종수정시점
COMTCCMMNCLCODE	LAST_UPDUSR_ID	varchar(20)	YES	NULL	최종수정자ID
COMTCCMMNCODE	CODE_ID	varchar(6)	NO	NULL	코드ID
COMTCCMMNCODE	CODE_ID_NM	varchar(60)	YES	NULL	코드ID명
COMTCCMMNCODE	CODE_ID_DC	varchar(200)	YES	NULL	코드ID설명
COMTCCMMNCODE	USE_AT	char(1)	YES	NULL	사용여부
COMTCCMMNCODE	CL_CODE	char(3)	YES	NULL	분류코드
COMTCCMMNCODE	FRST_REGIST_PNTTM	datetime	YES	NULL	최초등록시점
COMTCCMMNCODE	FRST_REGISTER_ID	varchar(20)	YES	NULL	최초등록자ID
COMTCCMMNCODE	LAST_UPDT_PNTTM	datetime	YES	NULL	최종수정시점
COMTCCMMNCODE	LAST_UPDUSR_ID	varchar(20)	YES	NULL	최종수정자ID
COMTCCMMNDETAILCODE	CODE_ID	varchar(6)	NO	NULL	코드ID
COMTCCMMNDETAILCODE	CODE	varchar(15)	NO	NULL	코드
COMTCCMMNDETAILCODE	CODE_NM	varchar(60)	YES	NULL	코드명
COMTCCMMNDETAILCODE	CODE_DC	varchar(200)	YES	NULL	코드설명
COMTCCMMNDETAILCODE	USE_AT	char(1)	YES	NULL	사용여부
COMTCCMMNDETAILCODE	FRST_REGIST_PNTTM	datetime	YES	NULL	최초등록시점
COMTCCMMNDETAILCODE	FRST_REGISTER_ID	varchar(20)	YES	NULL	최초등록자ID
COMTCCMMNDETAILCODE	LAST_UPDT_PNTTM	datetime	YES	NULL	최종수정시점
COMTCCMMNDETAILCODE	LAST_UPDUSR_ID	varchar(20)	YES	NULL	최종수정자ID
COMTCZIP	ZIP	varchar(6)	NO	NULL	우편번호
COMTCZIP	SN	decimal(10,0)	NO	0	일련번호
COMTCZIP	CTPRVN_NM	varchar(20)	YES	NULL	시도명
COMTCZIP	SIGNGU_NM	varchar(20)	YES	NULL	시군구명
COMTCZIP	EMD_NM	varchar(60)	YES	NULL	읍면동명
COMTCZIP	LI_BULD_NM	varchar(60)	YES	NULL	리건물명
COMTCZIP	LNBR_DONG_HO	varchar(20)	YES	NULL	번지동호
COMTCZIP	FRST_REGIST_PNTTM	datetime	YES	NULL	최초등록시점
COMTCZIP	FRST_REGISTER_ID	varchar(20)	YES	NULL	최초등록자ID
COMTCZIP	LAST_UPDT_PNTTM	datetime	YES	NULL	최종수정시점
COMTCZIP	LAST_UPDUSR_ID	varchar(20)	YES	NULL	최종수정자ID
COMTECOPSEQ	TABLE_NAME	varchar(20)	NO		테이블명
COMTECOPSEQ	NEXT_ID	decimal(30,0)	YES	NULL	다음아이디
COMTHCONFMHISTORY	CONFM_NO	decimal(8,0)	NO	NULL	승인번호
COMTHCONFMHISTORY	CONFM_RQESTER_ID	varchar(20)	NO	NULL	승인요청자ID
COMTHCONFMHISTORY	CONFMER_ID	varchar(20)	YES	NULL	승인자ID
COMTHCONFMHISTORY	CONFM_DE	char(20)	YES	NULL	승인일
COMTHCONFMHISTORY	CONFM_TY_CODE	char(4)	NO	NULL	승인유형코드
COMTHCONFMHISTORY	CONFM_STTUS_CODE	char(4)	NO	NULL	승인상태코드
COMTHCONFMHISTORY	OPERT_TY_CODE	char(4)	YES	NULL	작업유형코드
COMTHCONFMHISTORY	OPERT_ID	varchar(20)	YES	NULL	작업ID
COMTHCONFMHISTORY	TRGET_JOB_TY_CODE	char(3)	YES	NULL	대상업무유형코드
COMTHCONFMHISTORY	TRGET_JOB_ID	char(20)	YES	NULL	대상업무ID
COMTHDBMNTRNGLOGINFO	DATA_SOURC_NM	varchar(60)	NO	NULL	데이터소스명
COMTHDBMNTRNGLOGINFO	SERVER_NM	varchar(60)	YES	NULL	서버명
COMTHDBMNTRNGLOGINFO	DBMS_KND	varchar(2)	YES	NULL	DBMS종류
COMTHDBMNTRNGLOGINFO	CECK_SQL	varchar(250)	YES	NULL	체크SQL
COMTHDBMNTRNGLOGINFO	MNGR_NM	varchar(60)	YES	NULL	관리자명
COMTHDBMNTRNGLOGINFO	MNGR_EMAIL_ADRES	varchar(50)	YES	NULL	관리자이메일주소
COMTHDBMNTRNGLOGINFO	MNTRNG_STTUS	char(2)	YES	NULL	모니터링상태
COMTHDBMNTRNGLOGINFO	LOG_INFO	varchar(2000)	YES	NULL	로그정보
COMTHDBMNTRNGLOGINFO	CREAT_DT	datetime	YES	NULL	생성일시
COMTHDBMNTRNGLOGINFO	FRST_REGISTER_ID	varchar(20)	YES	NULL	최초등록자ID
COMTHDBMNTRNGLOGINFO	FRST_REGIST_PNTTM	datetime	NO	NULL	최초등록시점
COMTHDBMNTRNGLOGINFO	LAST_UPDT_PNTTM	datetime	NO	NULL	최종수정시점
COMTHDBMNTRNGLOGINFO	LAST_UPDUSR_ID	varchar(20)	YES	NULL	최종수정자ID
COMTHDBMNTRNGLOGINFO	LOG_ID	char(20)	NO		로그ID
COMTHEMAILDSPTCHMANAGE	MSSAGE_ID	varchar(20)	NO		메시지ID
COMTHEMAILDSPTCHMANAGE	EMAIL_CN	mediumtext	YES	NULL	이메일내용
COMTHEMAILDSPTCHMANAGE	SNDR	varchar(50)	NO	NULL	발신자
COMTHEMAILDSPTCHMANAGE	RCVER	varchar(50)	NO	NULL	수신자
COMTHEMAILDSPTCHMANAGE	SJ	varchar(60)	NO	NULL	제목
COMTHEMAILDSPTCHMANAGE	SNDNG_RESULT_CODE	char(1)	YES	NULL	발송결과코드
COMTHEMAILDSPTCHMANAGE	DSPTCH_DT	char(20)	NO	NULL	발신일시
COMTHEMAILDSPTCHMANAGE	ATCH_FILE_ID	char(20)	YES	NULL	첨부파일ID
COMTHEMPLYRINFOCHANGEDTLS	EMPLYR_ID	varchar(20)	NO	NULL	업무사용자ID
COMTHEMPLYRINFOCHANGEDTLS	CHANGE_DE	char(20)	NO		변경일
COMTHEMPLYRINFOCHANGEDTLS	ORGNZT_ID	char(20)	YES	NULL	조직ID
COMTHEMPLYRINFOCHANGEDTLS	GROUP_ID	char(20)	YES	NULL	그룹ID
COMTHEMPLYRINFOCHANGEDTLS	EMPL_NO	varchar(20)	YES	NULL	사원번호
COMTHEMPLYRINFOCHANGEDTLS	SEXDSTN_CODE	char(1)	YES	NULL	성별코드
COMTHEMPLYRINFOCHANGEDTLS	BRTHDY	char(20)	YES	NULL	생일
COMTHEMPLYRINFOCHANGEDTLS	FXNUM	varchar(20)	YES	NULL	팩스번호
COMTHEMPLYRINFOCHANGEDTLS	HOUSE_ADRES	varchar(100)	YES	NULL	주택주소
COMTHEMPLYRINFOCHANGEDTLS	HOUSE_END_TELNO	varchar(4)	YES	NULL	주택끝전화번호
COMTHEMPLYRINFOCHANGEDTLS	AREA_NO	varchar(4)	YES	NULL	지역번호
COMTHEMPLYRINFOCHANGEDTLS	DETAIL_ADRES	varchar(100)	YES	NULL	상세주소
COMTHEMPLYRINFOCHANGEDTLS	ZIP	varchar(6)	YES	NULL	우편번호
COMTHEMPLYRINFOCHANGEDTLS	OFFM_TELNO	varchar(20)	YES	NULL	사무실전화번호
COMTHEMPLYRINFOCHANGEDTLS	MBTLNUM	varchar(20)	YES	NULL	이동전화번호
COMTHEMPLYRINFOCHANGEDTLS	EMAIL_ADRES	varchar(50)	YES	NULL	이메일주소
COMTHEMPLYRINFOCHANGEDTLS	HOUSE_MIDDLE_TELNO	varchar(4)	YES	NULL	주택중간전화번호
COMTHEMPLYRINFOCHANGEDTLS	PSTINST_CODE	char(8)	YES	NULL	소속기관코드
COMTHEMPLYRINFOCHANGEDTLS	EMPLYR_STTUS_CODE	char(1)	YES	NULL	사용자상태코드
COMTHEMPLYRINFOCHANGEDTLS	ESNTL_ID	char(20)	YES	NULL	고유ID
COMTHHTTPMONLOGINFO	SYS_ID	varchar(20)	NO	NULL	시스템ID
COMTHHTTPMONLOGINFO	SITE_URL	varchar(100)	YES	NULL	사이트URL
COMTHHTTPMONLOGINFO	WEBSVC_KND	varchar(10)	YES	NULL	웹서비스종류
COMTHHTTPMONLOGINFO	HTTP_STTUS_CODE	varchar(3)	YES	NULL	HTTP상태코드
COMTHHTTPMONLOGINFO	CREAT_DT	datetime	YES	NULL	생성일시
COMTHHTTPMONLOGINFO	LOG_INFO	varchar(2000)	YES	NULL	로그정보
COMTHHTTPMONLOGINFO	MNGR_NM	varchar(60)	YES	NULL	관리자명
COMTHHTTPMONLOGINFO	MNGR_EMAIL_ADRES	varchar(50)	YES	NULL	관리자이메일주소
COMTHHTTPMONLOGINFO	FRST_REGISTER_ID	varchar(20)	YES	NULL	최초등록자ID
COMTHHTTPMONLOGINFO	FRST_REGIST_PNTTM	datetime	YES	NULL	최초등록시점
COMTHHTTPMONLOGINFO	LAST_UPDUSR_ID	varchar(20)	YES	NULL	최종수정자ID
COMTHHTTPMONLOGINFO	LAST_UPDT_PNTTM	datetime	YES	NULL	최종수정시점
COMTHHTTPMONLOGINFO	LOG_ID	char(20)	NO		로그ID
COMTHPROGRMCHANGEDTLS	PROGRM_FILE_NM	varchar(60)	NO	NULL	프로그램파일명
COMTHPROGRMCHANGEDTLS	REQUST_NO	decimal(10,0)	NO	0	요청번호
COMTHPROGRMCHANGEDTLS	RQESTER_ID	varchar(20)	NO	NULL	요청자ID
COMTHPROGRMCHANGEDTLS	CHANGE_REQUST_CN	varchar(1000)	YES	NULL	변경요청내용
COMTHPROGRMCHANGEDTLS	REQUST_PROCESS_CN	mediumtext	YES	NULL	요청처리내용
COMTHPROGRMCHANGEDTLS	OPETR_ID	varchar(20)	YES	NULL	처리자ID
COMTHPROGRMCHANGEDTLS	PROCESS_STTUS_CODE	varchar(15)	NO	NULL	처리상태코드
COMTHPROGRMCHANGEDTLS	PROCESS_DE	char(20)	YES	NULL	처리일
COMTHPROGRMCHANGEDTLS	RQESTDE	char(20)	YES	NULL	요청일
COMTHPROGRMCHANGEDTLS	REQUST_SJ	varchar(60)	NO	NULL	요청제목
COMTHSYSHIST	HIST_ID	char(20)	NO	NULL	이력ID
COMTHSYSHIST	FRST_REGIST_PNTTM	datetime	YES	NULL	최초등록시점
COMTHSYSHIST	FRST_REGISTER_ID	varchar(20)	NO	NULL	최초등록자ID
COMTHSYSHIST	LAST_UPDT_PNTTM	datetime	YES	NULL	최종수정시점
COMTHSYSHIST	LAST_UPDUSR_ID	varchar(20)	YES	NULL	최종수정자ID
COMTHSYSHIST	HIST_SE_CODE	char(6)	NO	NULL	이력구분코드
COMTHSYSHIST	HIST_CN	varchar(2500)	NO	NULL	이력내용
COMTHSYSHIST	SYS_NM	varchar(255)	NO	NULL	시스템명
COMTHSYSHIST	ATCH_FILE_ID	char(20)	YES	NULL	첨부파일ID
COMTHTRSMRCVMNTRNGLOGINFO	LOG_ID	char(20)	NO	NULL	로그ID
COMTHTRSMRCVMNTRNGLOGINFO	CNTC_ID	char(8)	NO	NULL	연계ID
COMTHTRSMRCVMNTRNGLOGINFO	TEST_CLASS_NM	varchar(255)	YES	NULL	테스트클래스명
COMTHTRSMRCVMNTRNGLOGINFO	MNGR_NM	varchar(60)	YES	NULL	관리자명
COMTHTRSMRCVMNTRNGLOGINFO	MNGR_EMAIL_ADRES	varchar(50)	YES	NULL	관리자이메일주소
COMTHTRSMRCVMNTRNGLOGINFO	MNTRNG_STTUS	char(2)	YES	NULL	모니터링상태
COMTHTRSMRCVMNTRNGLOGINFO	LOG_INFO	varchar(2000)	YES	NULL	로그정보
COMTHTRSMRCVMNTRNGLOGINFO	CREAT_DT	datetime	YES	NULL	생성일시
COMTHTRSMRCVMNTRNGLOGINFO	FRST_REGISTER_ID	varchar(20)	YES	NULL	최초등록자ID
COMTHTRSMRCVMNTRNGLOGINFO	FRST_REGIST_PNTTM	datetime	NO	NULL	최초등록시점
COMTHTRSMRCVMNTRNGLOGINFO	LAST_UPDUSR_ID	varchar(20)	YES	NULL	최종수정자ID
COMTHTRSMRCVMNTRNGLOGINFO	LAST_UPDT_PNTTM	datetime	NO	NULL	최종수정시점
COMTNADBK	EMPLYR_ID	varchar(20)	YES	NULL	업무사용자ID
COMTNADBK	NCRD_ID	char(20)	YES	NULL	명함ID
COMTNADBK	FRST_REGIST_PNTTM	datetime	YES	NULL	최초등록시점
COMTNADBK	LAST_UPDT_PNTTM	datetime	YES	NULL	최종수정시점
COMTNADBK	FRST_REGISTER_ID	varchar(20)	YES	NULL	최초등록자ID
COMTNADBK	LAST_UPDUSR_ID	varchar(20)	YES	NULL	최종수정자ID
COMTNADBK	ADBK_CONSTNT_ID	char(20)	NO	NULL	주소록구성원ID
COMTNADBK	NM	varchar(50)	YES	NULL	이름
COMTNADBK	EMAIL_ADRES	varchar(50)	YES	NULL	이메일주소
COMTNADBK	MBTLNUM	varchar(20)	YES	NULL	이동전화번호
COMTNADBK	FXNUM	varchar(20)	YES	NULL	팩스번호
COMTNADBK	OFFM_TELNO	varchar(20)	YES	NULL	사무실전화번호
COMTNADBK	HOUSE_TELNO	varchar(20)	YES	NULL	주택전화번호
COMTNADBK	ADBK_ID	char(20)	NO	NULL	주소록ID
COMTNADBKMANAGE	ADBK_ID	char(20)	NO	NULL	주소록ID
COMTNADBKMANAGE	ADBK_NM	varchar(50)	NO	NULL	주소록명
COMTNADBKMANAGE	OTHBC_SCOPE	varchar(20)	NO	NULL	공개범위
COMTNADBKMANAGE	USE_AT	char(1)	NO	NULL	사용여부
COMTNADBKMANAGE	WRTER_ID	varchar(20)	YES	NULL	작성자ID
COMTNADBKMANAGE	TRGET_ORGNZT_ID	char(20)	YES	NULL	대상조직ID
COMTNADBKMANAGE	FRST_REGIST_PNTTM	datetime	NO	NULL	최초등록시점
COMTNADBKMANAGE	LAST_UPDT_PNTTM	datetime	YES	NULL	최종수정시점
COMTNADBKMANAGE	FRST_REGISTER_ID	varchar(20)	NO	NULL	최초등록자ID
COMTNADBKMANAGE	LAST_UPDUSR_ID	varchar(20)	YES	NULL	최종수정자ID
COMTNADMINISTRATIONWORD	ADMINIST_WORD_ID	char(20)	NO		행정용어ID
COMTNADMINISTRATIONWORD	ADMINIST_WORD_NM	varchar(255)	YES	NULL	행정용어명
COMTNADMINISTRATIONWORD	ADMINIST_WORD_ENG_NM	varchar(255)	YES	NULL	행정용어영문명
COMTNADMINISTRATIONWORD	ADMINIST_WORD_ABRV_NM	varchar(255)	YES	NULL	행정용어약어명
COMTNADMINISTRATIONWORD	THEMA_RELM	varchar(255)	YES	NULL	주제영역
COMTNADMINISTRATIONWORD	WORD_SE	varchar(255)	YES	NULL	용어구분
COMTNADMINISTRATIONWORD	RELATE_STD_WORD	varchar(255)	YES	NULL	관계표준용어
COMTNADMINISTRATIONWORD	ADMINIST_WORD_DFN	varchar(2500)	YES	NULL	행정용어정의
COMTNADMINISTRATIONWORD	ADMINIST_WORD_DC	varchar(4000)	YES	NULL	행정용어설명
COMTNADMINISTRATIONWORD	FRST_REGISTER_ID	varchar(20)	YES	NULL	최초등록자ID
COMTNADMINISTRATIONWORD	FRST_REGIST_PNTTM	datetime	YES	NULL	최초등록시점
COMTNADMINISTRATIONWORD	LAST_UPDUSR_ID	varchar(20)	YES	NULL	최종수정자ID
COMTNADMINISTRATIONWORD	LAST_UPDT_PNTTM	datetime	YES	NULL	최종수정시점
COMTNANNVRSRYMANAGE	ANNVRSRY_ID	varchar(20)	NO	NULL	기념일ID
COMTNANNVRSRYMANAGE	USER_ID	varchar(20)	NO	NULL	사용자ID
COMTNANNVRSRYMANAGE	ANNVRSRY_SE	varchar(2)	NO	NULL	기념일구분
COMTNANNVRSRYMANAGE	ANNVRSRY_NM	varchar(255)	NO	NULL	기념일명
COMTNANNVRSRYMANAGE	ANNVRSRY	char(20)	NO	NULL	기념일
COMTNANNVRSRYMANAGE	CLDR_SE	char(1)	NO	NULL	달력구분
COMTNANNVRSRYMANAGE	ANNVRSRY_NTCN_SETUP	char(1)	YES	NULL	알림설정
COMTNANNVRSRYMANAGE	ANNVRSRY_NTCN_BGNDE	char(20)	YES	NULL	알림시작일
COMTNANNVRSRYMANAGE	MEMO	varchar(1000)	YES	NULL	메모
COMTNANNVRSRYMANAGE	FRST_REGISTER_ID	varchar(20)	YES	NULL	최초등록자ID
COMTNANNVRSRYMANAGE	FRST_REGIST_PNTTM	datetime	YES	NULL	최초등록시점
COMTNANNVRSRYMANAGE	LAST_UPDUSR_ID	varchar(20)	YES	NULL	최종수정자ID
COMTNANNVRSRYMANAGE	LAST_UPDT_PNTTM	datetime	YES	NULL	최종수정시점
COMTNANNVRSRYMANAGE	REPTIT_AT	char(1)	YES	NULL	반복여부
COMTNANSWER	NTT_ID	decimal(20,0)	NO	NULL	게시물ID
COMTNANSWER	BBS_ID	char(30)	NO	NULL	게시판ID
COMTNANSWER	WRTER_ID	varchar(20)	YES	NULL	작성자ID
COMTNANSWER	ANSWER	varchar(200)	YES	NULL	댓글
COMTNANSWER	USE_AT	char(1)	NO	NULL	사용여부
COMTNANSWER	WRTER_NM	varchar(20)	YES	NULL	작성자명
COMTNANSWER	FRST_REGIST_PNTTM	datetime	NO	NULL	최초등록시점
COMTNANSWER	FRST_REGISTER_ID	varchar(20)	NO	NULL	최초등록자ID
COMTNANSWER	LAST_UPDT_PNTTM	datetime	YES	NULL	최종수정시점
COMTNANSWER	LAST_UPDUSR_ID	varchar(20)	YES	NULL	최종수정자ID
COMTNANSWER	ANSWER_NO	decimal(20,0)	NO	NULL	답글번호
COMTNAUTHORGROUPINFO	GROUP_ID	char(20)	NO		그룹ID
COMTNAUTHORGROUPINFO	GROUP_NM	varchar(60)	NO	NULL	그룹명
COMTNAUTHORGROUPINFO	GROUP_CREAT_DE	char(20)	NO	NULL	그룹생성일
COMTNAUTHORGROUPINFO	GROUP_DC	varchar(100)	YES	NULL	그룹설명
COMTNAUTHORINFO	AUTHOR_CODE	varchar(30)	NO		권한코드
COMTNAUTHORINFO	AUTHOR_NM	varchar(60)	NO	NULL	권한명
COMTNAUTHORINFO	AUTHOR_DC	varchar(200)	YES	NULL	권한설명
COMTNAUTHORINFO	AUTHOR_CREAT_DE	char(20)	NO	NULL	권한생성일
COMTNAUTHORROLERELATE	AUTHOR_CODE	varchar(30)	NO	NULL	권한코드
COMTNAUTHORROLERELATE	ROLE_CODE	varchar(50)	NO	NULL	롤코드
COMTNAUTHORROLERELATE	CREAT_DT	datetime	YES	NULL	생성일시
COMTNBACKUPOPERT	BACKUP_OPERT_ID	varchar(20)	NO	NULL	백업작업ID
COMTNBACKUPOPERT	BACKUP_OPERT_NM	varchar(60)	YES	NULL	백업작업명
COMTNBACKUPOPERT	BACKUP_ORGINL_DRCTRY	varchar(255)	YES	NULL	백업원본디렉토리
COMTNBACKUPOPERT	BACKUP_STRE_DRCTRY	varchar(255)	YES	NULL	백업저장디렉토리
COMTNBACKUPOPERT	CMPRS_SE	varchar(2)	YES	NULL	압축구분
COMTNBACKUPOPERT	EXECUT_CYCLE	varchar(2)	YES	NULL	실행주기
COMTNBACKUPOPERT	EXECUT_SCHDUL_DE	char(20)	YES	NULL	실행일정일
COMTNBACKUPOPERT	EXECUT_SCHDUL_HOUR	char(2)	YES	NULL	실행일정시
COMTNBACKUPOPERT	EXECUT_SCHDUL_MNT	char(2)	YES	NULL	실행일정분
COMTNBACKUPOPERT	EXECUT_SCHDUL_SECND	char(2)	YES	NULL	실행일정초
COMTNBACKUPOPERT	USE_AT	char(1)	YES	NULL	사용여부
COMTNBACKUPOPERT	FRST_REGISTER_ID	varchar(20)	YES	NULL	최초등록자ID
COMTNBACKUPOPERT	FRST_REGIST_PNTTM	datetime	YES	NULL	최초등록시점
COMTNBACKUPOPERT	LAST_UPDUSR_ID	varchar(20)	YES	NULL	최종수정자ID
COMTNBACKUPOPERT	LAST_UPDT_PNTTM	datetime	NO	NULL	최종수정시점
COMTNBACKUPRESULT	BACKUP_RESULT_ID	varchar(20)	NO	NULL	백업결과ID
COMTNBACKUPRESULT	BACKUP_OPERT_ID	varchar(20)	NO	NULL	백업작업ID
COMTNBACKUPRESULT	BACKUP_FILE	varchar(255)	YES	NULL	백업파일
COMTNBACKUPRESULT	STTUS	varchar(2)	YES	NULL	상태
COMTNBACKUPRESULT	ERROR_INFO	varchar(2000)	YES	NULL	오류정보
COMTNBACKUPRESULT	EXECUT_BEGIN_TM	varchar(14)	YES	NULL	실행시작시각
COMTNBACKUPRESULT	EXECUT_END_TM	varchar(14)	YES	NULL	실행종료시각
COMTNBACKUPRESULT	FRST_REGISTER_ID	varchar(20)	YES	NULL	최초등록자ID
COMTNBACKUPRESULT	FRST_REGIST_PNTTM	datetime	YES	NULL	최초등록시점
COMTNBACKUPRESULT	LAST_UPDUSR_ID	varchar(20)	YES	NULL	최종수정자ID
COMTNBACKUPRESULT	LAST_UPDT_PNTTM	datetime	NO	NULL	최종수정시점
COMTNBACKUPSCHDULDFK	BACKUP_OPERT_ID	varchar(20)	NO	NULL	백업작업ID
COMTNBACKUPSCHDULDFK	EXECUT_SCHDUL_DFK_SE	char(1)	NO	NULL	실행일정요일구분
COMTNBANNER	BANNER_ID	char(20)	NO		배너ID
COMTNBANNER	BANNER_NM	varchar(60)	NO	NULL	배너명
COMTNBANNER	LINK_URL	varchar(255)	NO	NULL	링크URL
COMTNBANNER	BANNER_IMAGE	varchar(60)	NO	NULL	배너이미지
COMTNBANNER	BANNER_DC	varchar(200)	YES	NULL	배너설명
COMTNBANNER	REFLCT_AT	char(1)	NO	NULL	반영여부
COMTNBANNER	FRST_REGISTER_ID	varchar(20)	YES	NULL	최초등록자ID
COMTNBANNER	FRST_REGIST_PNTTM	datetime	YES	NULL	최초등록시점
COMTNBANNER	LAST_UPDUSR_ID	varchar(20)	YES	NULL	최종수정자ID
COMTNBANNER	LAST_UPDT_PNTTM	datetime	YES	NULL	최종수정시점
COMTNBANNER	BANNER_IMAGE_FILE	varchar(60)	YES	NULL	배너이미지파일
COMTNBANNER	SORT_ORDR	decimal(8,0)	YES	NULL	정렬순서
COMTNBATCHOPERT	BATCH_OPERT_ID	varchar(20)	NO	NULL	배치작업ID
COMTNBATCHOPERT	BATCH_OPERT_NM	varchar(60)	YES	NULL	배치작업명
COMTNBATCHOPERT	BATCH_PROGRM	varchar(255)	YES	NULL	배치프로그램
COMTNBATCHOPERT	PARAMTR	varchar(250)	YES	NULL	파라미터
COMTNBATCHOPERT	USE_AT	char(1)	YES	NULL	사용여부
COMTNBATCHOPERT	FRST_REGISTER_ID	varchar(20)	YES	NULL	최초등록자ID
COMTNBATCHOPERT	FRST_REGIST_PNTTM	datetime	YES	NULL	최초등록시점
COMTNBATCHOPERT	LAST_UPDUSR_ID	varchar(20)	YES	NULL	최종수정자ID
COMTNBATCHOPERT	LAST_UPDT_PNTTM	datetime	NO	NULL	최종수정시점
COMTNBATCHRESULT	BATCH_RESULT_ID	varchar(20)	NO	NULL	배치결과ID
COMTNBATCHRESULT	BATCH_SCHDUL_ID	varchar(20)	NO	NULL	배치일정ID
COMTNBATCHRESULT	BATCH_OPERT_ID	varchar(20)	NO	NULL	배치작업ID
COMTNBATCHRESULT	PARAMTR	varchar(250)	YES	NULL	파라미터
COMTNBATCHRESULT	STTUS	varchar(2)	YES	NULL	상태
COMTNBATCHRESULT	ERROR_INFO	varchar(2000)	YES	NULL	오류정보
COMTNBATCHRESULT	EXECUT_BEGIN_TM	varchar(14)	YES	NULL	실행시작시각
COMTNBATCHRESULT	EXECUT_END_TM	varchar(14)	YES	NULL	실행종료시각
COMTNBATCHRESULT	LAST_UPDT_PNTTM	datetime	YES	NULL	최종수정시점
COMTNBATCHRESULT	LAST_UPDUSR_ID	varchar(20)	YES	NULL	최종수정자ID
COMTNBATCHRESULT	FRST_REGIST_PNTTM	datetime	NO	NULL	최초등록시점
COMTNBATCHRESULT	FRST_REGISTER_ID	varchar(20)	YES	NULL	최초등록자ID
COMTNBATCHSCHDUL	BATCH_SCHDUL_ID	varchar(20)	NO	NULL	배치일정ID
COMTNBATCHSCHDUL	BATCH_OPERT_ID	varchar(20)	NO	NULL	배치작업ID
COMTNBATCHSCHDUL	EXECUT_CYCLE	varchar(2)	YES	NULL	실행주기
COMTNBATCHSCHDUL	EXECUT_SCHDUL_DE	char(20)	YES	NULL	실행일정일
COMTNBATCHSCHDUL	EXECUT_SCHDUL_HOUR	char(2)	YES	NULL	실행일정시
COMTNBATCHSCHDUL	EXECUT_SCHDUL_MNT	char(2)	YES	NULL	실행일정분
COMTNBATCHSCHDUL	EXECUT_SCHDUL_SECND	char(2)	YES	NULL	실행일정초
COMTNBATCHSCHDUL	FRST_REGISTER_ID	varchar(20)	YES	NULL	최초등록자ID
COMTNBATCHSCHDUL	FRST_REGIST_PNTTM	datetime	YES	NULL	최초등록시점
COMTNBATCHSCHDUL	LAST_UPDUSR_ID	varchar(20)	YES	NULL	최종수정자ID
COMTNBATCHSCHDUL	LAST_UPDT_PNTTM	datetime	NO	NULL	최종수정시점
COMTNBATCHSCHDULDFK	BATCH_SCHDUL_ID	varchar(20)	NO	NULL	배치일정ID
COMTNBATCHSCHDULDFK	EXECUT_SCHDUL_DFK_SE	char(1)	NO	NULL	실행일정요일구분
COMTNBBS	NTT_ID	decimal(20,0)	NO	NULL	게시물ID
COMTNBBS	BBS_ID	char(30)	NO	NULL	게시판ID
COMTNBBS	NTT_NO	decimal(20,0)	YES	NULL	게시물번호
COMTNBBS	NTT_SJ	varchar(2000)	YES	NULL	게시물제목
COMTNBBS	NTT_CN	mediumtext	YES	NULL	게시물내용
COMTNBBS	ANSWER_AT	char(1)	YES	NULL	댓글여부
COMTNBBS	PARNTSCTT_NO	decimal(10,0)	YES	NULL	부모글번호
COMTNBBS	ANSWER_LC	decimal(8,0)	YES	NULL	댓글위치
COMTNBBS	SORT_ORDR	decimal(8,0)	YES	NULL	정렬순서
COMTNBBS	RDCNT	decimal(10,0)	YES	NULL	조회수
COMTNBBS	USE_AT	char(1)	NO	NULL	사용여부
COMTNBBS	NTCE_BGNDE	char(20)	YES	NULL	게시시작일
COMTNBBS	NTCE_ENDDE	char(20)	YES	NULL	게시종료일
COMTNBBS	NTCR_ID	varchar(20)	YES	NULL	게시자ID
COMTNBBS	NTCR_NM	varchar(20)	YES	NULL	게시자명
COMTNBBS	PASSWORD	varchar(200)	YES	NULL	비밀번호
COMTNBBS	ATCH_FILE_ID	char(20)	YES	NULL	첨부파일ID
COMTNBBS	NOTICE_AT	char(1)	YES	NULL	공지사항여부
COMTNBBS	SJ_BOLD_AT	char(1)	YES	NULL	제목볼드여부
COMTNBBS	SECRET_AT	char(1)	YES	NULL	비밀글여부
COMTNBBS	FRST_REGIST_PNTTM	datetime	NO	NULL	최초등록시점
COMTNBBS	FRST_REGISTER_ID	varchar(20)	NO	NULL	최초등록자ID
COMTNBBS	LAST_UPDT_PNTTM	datetime	YES	NULL	최종수정시점
COMTNBBS	LAST_UPDUSR_ID	varchar(20)	YES	NULL	최종수정자ID
COMTNBBS	BLOG_ID	char(20)	YES	NULL	블로그 ID
COMTNBBSMASTER	BBS_ID	char(30)	NO	NULL	게시판ID
COMTNBBSMASTER	BBS_NM	varchar(255)	NO	NULL	게시판명
COMTNBBSMASTER	BBS_INTRCN	varchar(2400)	YES	NULL	게시판소개
COMTNBBSMASTER	BBS_TY_CODE	char(6)	NO	NULL	게시판유형코드
COMTNBBSMASTER	REPLY_POSBL_AT	char(1)	YES	NULL	답장가능여부
COMTNBBSMASTER	FILE_ATCH_POSBL_AT	char(1)	NO	NULL	파일첨부가능여부
COMTNBBSMASTER	ATCH_POSBL_FILE_NUMBER	decimal(2,0)	NO	NULL	첨부가능파일숫자
COMTNBBSMASTER	ATCH_POSBL_FILE_SIZE	decimal(8,0)	YES	NULL	첨부가능파일사이즈
COMTNBBSMASTER	USE_AT	char(1)	NO	NULL	사용여부
COMTNBBSMASTER	TMPLAT_ID	char(20)	YES	NULL	템플릿ID
COMTNBBSMASTER	CMMNTY_ID	char(20)	YES	NULL	커뮤니티ID
COMTNBBSMASTER	FRST_REGISTER_ID	varchar(20)	NO	NULL	최초등록자ID
COMTNBBSMASTER	FRST_REGIST_PNTTM	datetime	NO	NULL	최초등록시점
COMTNBBSMASTER	LAST_UPDUSR_ID	varchar(20)	YES	NULL	최종수정자ID
COMTNBBSMASTER	LAST_UPDT_PNTTM	datetime	YES	NULL	최종수정시점
COMTNBBSMASTER	BLOG_ID	char(20)	YES	NULL	블로그 ID
COMTNBBSMASTER	BLOG_AT	char(2)	YES	NULL	블로그 여부
COMTNBBSMASTEROPTN	BBS_ID	char(30)	NO	NULL	게시판ID
COMTNBBSMASTEROPTN	ANSWER_AT	char(1)	NO	NULL	댓글여부
COMTNBBSMASTEROPTN	STSFDG_AT	char(1)	NO	NULL	만족도여부
COMTNBBSMASTEROPTN	FRST_REGIST_PNTTM	datetime	NO	NULL	최초등록시점
COMTNBBSMASTEROPTN	LAST_UPDT_PNTTM	datetime	YES	NULL	최종수정시점
COMTNBBSMASTEROPTN	FRST_REGISTER_ID	varchar(20)	NO	NULL	최초등록자ID
COMTNBBSMASTEROPTN	LAST_UPDUSR_ID	varchar(20)	YES	NULL	최종수정자ID
COMTNBBSUSE	BBS_ID	char(30)	NO	NULL	게시판ID
COMTNBBSUSE	TRGET_ID	char(20)	NO		대상ID
COMTNBBSUSE	USE_AT	char(1)	NO	NULL	사용여부
COMTNBBSUSE	REGIST_SE_CODE	char(6)	YES	NULL	등록구분코드
COMTNBBSUSE	FRST_REGIST_PNTTM	datetime	YES	NULL	최초등록시점
COMTNBBSUSE	FRST_REGISTER_ID	varchar(20)	NO	NULL	최초등록자ID
COMTNBBSUSE	LAST_UPDT_PNTTM	datetime	YES	NULL	최종수정시점
COMTNBBSUSE	LAST_UPDUSR_ID	varchar(20)	YES	NULL	최종수정자ID
COMTNBKMKMENUMANAGERESULT	MENU_ID	decimal(20,0)	NO	0	메뉴ID
COMTNBKMKMENUMANAGERESULT	EMPLYR_ID	varchar(20)	NO		업무사용자ID
COMTNBKMKMENUMANAGERESULT	MENU_NM	varchar(60)	NO	NULL	메뉴명
COMTNBKMKMENUMANAGERESULT	PROGRM_STRE_PATH	varchar(100)	NO	NULL	프로그램저장경로
COMTNBLOG	BLOG_ID	char(20)	NO	NULL	블로그 ID
COMTNBLOG	BLOG_NM	varchar(255)	NO	NULL	블로그 명
COMTNBLOG	BLOG_INTRCN	varchar(2400)	YES	NULL	블로그 소개
COMTNBLOG	USE_AT	char(1)	NO	NULL	사용여부
COMTNBLOG	REGIST_SE_CODE	char(6)	YES	NULL	등록구분코드
COMTNBLOG	TMPLAT_ID	char(20)	YES	NULL	템플릿 ID
COMTNBLOG	FRST_REGIST_PNTTM	datetime	NO	NULL	최초등록시점
COMTNBLOG	FRST_REGISTER_ID	varchar(20)	NO	NULL	최초등록자ID
COMTNBLOG	LAST_UPDT_PNTTM	datetime	YES	NULL	최종수정시점
COMTNBLOG	LAST_UPDUSR_ID	varchar(20)	YES	NULL	최종수정자ID
COMTNBLOG	BBS_ID	char(30)	YES	NULL	게시판 ID
COMTNBLOG	BLOG_AT	char(2)	YES	NULL	블로그 여부
COMTNBLOGUSER	BLOG_ID	char(20)	NO	NULL	블로그 ID
COMTNBLOGUSER	EMPLYR_ID	varchar(20)	NO	NULL	업무사용자ID
COMTNBLOGUSER	MNGR_AT	char(1)	NO	NULL	관리자여부
COMTNBLOGUSER	MBER_STTUS	varchar(15)	YES	NULL	회원상태
COMTNBLOGUSER	SBSCRB_DE	datetime	YES	NULL	가입일자
COMTNBLOGUSER	SECSN_DE	char(2)	YES	NULL	탈퇴일
COMTNBLOGUSER	USE_AT	char(1)	YES	NULL	사용여부
COMTNBLOGUSER	FRST_REGIST_PNTTM	datetime	NO	NULL	최초등록시점
COMTNBLOGUSER	FRST_REGISTER_ID	varchar(20)	NO	NULL	최초등록자 ID
COMTNBLOGUSER	LAST_UPDT_PNTTM	datetime	YES	NULL	최종수정시점
COMTNBLOGUSER	LAST_UPDUSR_ID	varchar(20)	YES	NULL	최종수정자 ID
COMTNBNDTCECKMANAGE	BNDT_CECK_SE	char(2)	NO	NULL	당직체크구분
COMTNBNDTCECKMANAGE	BNDT_CECK_CODE	varchar(10)	NO	NULL	당직체크코드
COMTNBNDTCECKMANAGE	BNDT_CECK_CODE_NM	varchar(255)	NO	NULL	당직체크코드명
COMTNBNDTCECKMANAGE	USE_AT	char(1)	NO	NULL	사용여부
COMTNBNDTCECKMANAGE	FRST_REGISTER_ID	varchar(20)	YES	NULL	최초등록자ID
COMTNBNDTCECKMANAGE	FRST_REGIST_PNTTM	datetime	YES	NULL	최초등록시점
COMTNBNDTCECKMANAGE	LAST_UPDUSR_ID	varchar(20)	YES	NULL	최종수정자ID
COMTNBNDTCECKMANAGE	LAST_UPDT_PNTTM	datetime	YES	NULL	최종수정시점
COMTNBNDTDIARY	BNDT_ID	varchar(20)	NO	NULL	당직ID
COMTNBNDTDIARY	BNDT_DE	char(8)	NO	NULL	당직일자
COMTNBNDTDIARY	BNDT_CECK_SE	char(2)	NO	NULL	당직체크구분
COMTNBNDTDIARY	BNDT_CECK_CODE	varchar(10)	NO	NULL	당직체크코드
COMTNBNDTDIARY	CHCK_STTUS	varchar(1000)	YES	NULL	점검상태
COMTNBNDTDIARY	FRST_REGISTER_ID	varchar(20)	YES	NULL	최초등록자ID
COMTNBNDTDIARY	FRST_REGIST_PNTTM	datetime	YES	NULL	최초등록시점
COMTNBNDTDIARY	LAST_UPDUSR_ID	varchar(20)	YES	NULL	최종수정자ID
COMTNBNDTDIARY	LAST_UPDT_PNTTM	datetime	YES	NULL	최종수정시점
COMTNBNDTMANAGE	BNDT_ID	varchar(20)	NO	NULL	당직ID
COMTNBNDTMANAGE	BNDT_DE	char(8)	NO	NULL	당직일자
COMTNBNDTMANAGE	RM	varchar(2500)	YES	NULL	비고
COMTNBNDTMANAGE	FRST_REGISTER_ID	varchar(20)	YES	NULL	최초등록자ID
COMTNBNDTMANAGE	FRST_REGIST_PNTTM	datetime	YES	NULL	최초등록시점
COMTNBNDTMANAGE	LAST_UPDUSR_ID	varchar(20)	YES	NULL	최종수정자ID
COMTNBNDTMANAGE	LAST_UPDT_PNTTM	datetime	YES	NULL	최종수정시점
COMTNCLUB	CLB_ID	char(20)	NO	NULL	동호회ID
COMTNCLUB	CMMNTY_ID	char(20)	NO	NULL	커뮤니티ID
COMTNCLUB	CLB_NM	varchar(255)	NO	NULL	동호회명
COMTNCLUB	CLB_INTRCN	varchar(2400)	YES	NULL	동호회소개
COMTNCLUB	USE_AT	char(1)	NO	NULL	사용여부
COMTNCLUB	REGIST_SE_CODE	char(6)	YES	NULL	등록구분코드
COMTNCLUB	TMPLAT_ID	char(20)	YES	NULL	템플릿ID
COMTNCLUB	FRST_REGIST_PNTTM	datetime	NO	NULL	최초등록시점
COMTNCLUB	FRST_REGISTER_ID	varchar(20)	NO	NULL	최초등록자ID
COMTNCLUB	LAST_UPDT_PNTTM	datetime	YES	NULL	최종수정시점
COMTNCLUB	LAST_UPDUSR_ID	varchar(20)	YES	NULL	최종수정자ID
COMTNCLUBUSER	CLB_ID	char(20)	NO	NULL	동호회ID
COMTNCLUBUSER	CMMNTY_ID	char(20)	NO	NULL	커뮤니티ID
COMTNCLUBUSER	OPRTR_AT	char(1)	NO	NULL	운영인여부
COMTNCLUBUSER	SBSCRB_DE	datetime	YES	NULL	가입일자
COMTNCLUBUSER	SECSN_DE	char(20)	YES	NULL	탈퇴일
COMTNCLUBUSER	USE_AT	char(1)	NO	NULL	사용여부
COMTNCLUBUSER	FRST_REGIST_PNTTM	datetime	NO	NULL	최초등록시점
COMTNCLUBUSER	FRST_REGISTER_ID	varchar(20)	NO	NULL	최초등록자ID
COMTNCLUBUSER	LAST_UPDT_PNTTM	datetime	YES	NULL	최종수정시점
COMTNCLUBUSER	LAST_UPDUSR_ID	varchar(20)	YES	NULL	최종수정자ID
COMTNCLUBUSER	EMPLYR_ID	varchar(20)	NO	NULL	업무사용자ID
COMTNCMMNTY	CMMNTY_ID	char(20)	NO	NULL	커뮤니티ID
COMTNCMMNTY	CMMNTY_NM	varchar(255)	NO	NULL	커뮤니티명
COMTNCMMNTY	CMMNTY_INTRCN	varchar(2400)	YES	NULL	커뮤니티소개
COMTNCMMNTY	USE_AT	char(1)	NO	NULL	사용여부
COMTNCMMNTY	REGIST_SE_CODE	char(6)	YES	NULL	등록구분코드
COMTNCMMNTY	TMPLAT_ID	char(20)	YES	NULL	템플릿ID
COMTNCMMNTY	FRST_REGIST_PNTTM	datetime	NO	NULL	최초등록시점
COMTNCMMNTY	FRST_REGISTER_ID	varchar(20)	NO	NULL	최초등록자ID
COMTNCMMNTY	LAST_UPDT_PNTTM	datetime	YES	NULL	최종수정시점
COMTNCMMNTY	LAST_UPDUSR_ID	varchar(20)	YES	NULL	최종수정자ID
COMTNCMMNTYUSER	CMMNTY_ID	char(20)	NO	NULL	커뮤니티ID
COMTNCMMNTYUSER	EMPLYR_ID	varchar(20)	NO	NULL	업무사용자ID
COMTNCMMNTYUSER	MNGR_AT	char(1)	NO	NULL	관리자여부
COMTNCMMNTYUSER	MBER_STTUS	varchar(15)	YES	NULL	회원 상태
COMTNCMMNTYUSER	SBSCRB_DE	datetime	YES	NULL	가입일자
COMTNCMMNTYUSER	SECSN_DE	char(20)	YES	NULL	탈퇴일
COMTNCMMNTYUSER	USE_AT	char(1)	YES	NULL	사용여부
COMTNCMMNTYUSER	FRST_REGIST_PNTTM	datetime	NO	NULL	최초등록시점
COMTNCMMNTYUSER	FRST_REGISTER_ID	varchar(20)	NO	NULL	최초등록자ID
COMTNCMMNTYUSER	LAST_UPDT_PNTTM	datetime	YES	NULL	최종수정시점
COMTNCMMNTYUSER	LAST_UPDUSR_ID	varchar(20)	YES	NULL	최종수정자ID
COMTNCNSLTLIST	CNSLT_ID	char(20)	NO	NULL	상담ID
COMTNCNSLTLIST	CNSLT_SJ	varchar(255)	YES	NULL	상담제목
COMTNCNSLTLIST	OTHBC_AT	char(1)	YES	NULL	공개여부
COMTNCNSLTLIST	EMAIL_ADRES	varchar(50)	YES	NULL	이메일주소
COMTNCNSLTLIST	CNSLT_CN	varchar(2500)	YES	NULL	상담내용
COMTNCNSLTLIST	MANAGT_CN	varchar(2500)	YES	NULL	조치내용
COMTNCNSLTLIST	MANAGT_DE	char(20)	YES	NULL	조치일
COMTNCNSLTLIST	RDCNT	decimal(10,0)	YES	NULL	조회수
COMTNCNSLTLIST	ATCH_FILE_ID	char(20)	YES	NULL	첨부파일ID
COMTNCNSLTLIST	FRST_REGIST_PNTTM	datetime	YES	NULL	최초등록시점
COMTNCNSLTLIST	FRST_REGISTER_ID	varchar(20)	YES	NULL	최초등록자ID
COMTNCNSLTLIST	LAST_UPDT_PNTTM	datetime	YES	NULL	최종수정시점
COMTNCNSLTLIST	LAST_UPDUSR_ID	varchar(20)	YES	NULL	최종수정자ID
COMTNCNSLTLIST	AREA_NO	varchar(4)	YES	NULL	지역번호
COMTNCNSLTLIST	MIDDLE_TELNO	varchar(4)	YES	NULL	중간전화번호
COMTNCNSLTLIST	END_TELNO	varchar(4)	YES	NULL	끝전화번호
COMTNCNSLTLIST	FRST_MBTLNUM	varchar(4)	YES	NULL	처음휴대폰번호
COMTNCNSLTLIST	MIDDLE_MBTLNUM	varchar(4)	YES	NULL	중간이동전화번호
COMTNCNSLTLIST	END_MBTLNUM	varchar(4)	YES	NULL	끝이동전화번호
COMTNCNSLTLIST	WRITNG_DE	char(20)	YES	NULL	작성일
COMTNCNSLTLIST	WRTER_NM	varchar(20)	YES	NULL	작성자명
COMTNCNSLTLIST	EMAIL_ANSWER_AT	char(1)	YES	NULL	메일답변여부
COMTNCNSLTLIST	QNA_PROCESS_STTUS_CODE	char(1)	YES	NULL	질의응답처리상태코드
COMTNCNSLTLIST	WRITNG_PASSWORD	varchar(20)	YES	NULL	작성비밀번호
COMTNCNTCINSTT	INSTT_ID	varchar(20)	NO		기관ID
COMTNCNTCINSTT	INSTT_NM	varchar(100)	YES	NULL	기관명
COMTNCNTCINSTT	FRST_REGISTER_ID	varchar(20)	YES	NULL	최초등록자ID
COMTNCNTCINSTT	LAST_UPDUSR_ID	varchar(20)	YES	NULL	최종수정자ID
COMTNCNTCINSTT	FRST_REGIST_PNTTM	datetime	YES	NULL	최초등록시점
COMTNCNTCINSTT	LAST_UPDT_PNTTM	datetime	YES	NULL	최종수정시점
COMTNCNTCINSTT	USE_AT	char(1)	YES	NULL	사용여부
COMTNCNTCMESSAGE	CNTC_MSSAGE_ID	varchar(20)	NO		연계메시지ID
COMTNCNTCMESSAGE	CNTC_MSSAGE_NM	varchar(100)	YES	NULL	연계메시지명
COMTNCNTCMESSAGE	UPPER_CNTC_MSSAGE_ID	varchar(20)	YES	NULL	상위연계메시지ID
COMTNCNTCMESSAGE	FRST_REGISTER_ID	varchar(20)	YES	NULL	최초등록자ID
COMTNCNTCMESSAGE	FRST_REGIST_PNTTM	datetime	YES	NULL	최초등록시점
COMTNCNTCMESSAGE	LAST_UPDUSR_ID	varchar(20)	YES	NULL	최종수정자ID
COMTNCNTCMESSAGE	LAST_UPDT_PNTTM	datetime	YES	NULL	최종수정시점
COMTNCNTCMESSAGE	USE_AT	char(1)	YES	NULL	사용여부
COMTNCNTCMESSAGEITEM	CNTC_MSSAGE_ID	varchar(20)	NO	NULL	연계메시지ID
COMTNCNTCMESSAGEITEM	IEM_ID	varchar(20)	NO	NULL	항목ID
COMTNCNTCMESSAGEITEM	IEM_NM	varchar(100)	YES	NULL	항목명
COMTNCNTCMESSAGEITEM	IEM_TY	varchar(50)	YES	NULL	항목유형
COMTNCNTCMESSAGEITEM	IEM_LT	decimal(8,0)	YES	NULL	항목길이
COMTNCNTCMESSAGEITEM	USE_AT	char(1)	YES	NULL	사용여부
COMTNCNTCMESSAGEITEM	FRST_REGISTER_ID	varchar(20)	YES	NULL	최초등록자ID
COMTNCNTCMESSAGEITEM	FRST_REGIST_PNTTM	datetime	YES	NULL	최초등록시점
COMTNCNTCMESSAGEITEM	LAST_UPDUSR_ID	varchar(20)	YES	NULL	최종수정자ID
COMTNCNTCMESSAGEITEM	LAST_UPDT_PNTTM	datetime	YES	NULL	최종수정시점
COMTNCNTCSERVICE	INSTT_ID	varchar(20)	NO		기관ID
COMTNCNTCSERVICE	SYS_ID	varchar(20)	NO		시스템ID
COMTNCNTCSERVICE	SVC_ID	varchar(20)	NO		서비스ID
COMTNCNTCSERVICE	SVC_NM	varchar(255)	YES	NULL	서비스명
COMTNCNTCSERVICE	REQUST_MSSAGE_ID	varchar(20)	YES	NULL	요청메시지ID
COMTNCNTCSERVICE	RSPNS_MSSAGE_ID	varchar(20)	YES	NULL	응답메시지ID
COMTNCNTCSERVICE	FRST_REGISTER_ID	varchar(20)	YES	NULL	최초등록자ID
COMTNCNTCSERVICE	FRST_REGIST_PNTTM	datetime	YES	NULL	최초등록시점
COMTNCNTCSERVICE	LAST_UPDUSR_ID	varchar(20)	YES	NULL	최종수정자ID
COMTNCNTCSERVICE	LAST_UPDT_PNTTM	datetime	YES	NULL	최종수정시점
COMTNCNTCSERVICE	USE_AT	char(1)	YES	NULL	사용여부
COMTNCNTCSYSTEM	INSTT_ID	varchar(20)	NO		기관ID
COMTNCNTCSYSTEM	SYS_ID	varchar(20)	NO		시스템ID
COMTNCNTCSYSTEM	SYS_NM	varchar(255)	YES	NULL	시스템명
COMTNCNTCSYSTEM	SYS_IP	varchar(23)	YES	NULL	시스템IP
COMTNCNTCSYSTEM	FRST_REGISTER_ID	varchar(20)	YES	NULL	최초등록자ID
COMTNCNTCSYSTEM	FRST_REGIST_PNTTM	datetime	YES	NULL	최초등록시점
COMTNCNTCSYSTEM	LAST_UPDUSR_ID	varchar(20)	YES	NULL	최종수정자ID
COMTNCNTCSYSTEM	LAST_UPDT_PNTTM	datetime	YES	NULL	최종수정시점
COMTNCNTCSYSTEM	USE_AT	char(1)	YES	NULL	사용여부
COMTNCNTNTSLIST	CNTNTS_ID	varchar(20)	NO	NULL	컨텐츠ID
COMTNCNTNTSLIST	EMPLYR_ID	varchar(20)	NO	NULL	업무사용자ID
COMTNCOMMENT	NTT_ID	decimal(20,0)	NO	NULL	게시물ID
COMTNCOMMENT	BBS_ID	char(30)	NO	NULL	게시판ID
COMTNCOMMENT	ANSWER_NO	decimal(20,0)	NO	NULL	댓글번호
COMTNCOMMENT	WRTER_ID	varchar(20)	YES	NULL	작성자ID
COMTNCOMMENT	WRTER_NM	varchar(20)	YES	NULL	작성자명
COMTNCOMMENT	ANSWER	varchar(200)	YES	NULL	댓글
COMTNCOMMENT	USE_AT	char(1)	NO	NULL	사용여부
COMTNCOMMENT	FRST_REGIST_PNTTM	datetime	NO	NULL	최초등록시점
COMTNCOMMENT	FRST_REGISTER_ID	varchar(20)	NO	NULL	최초등록자ID
COMTNCOMMENT	LAST_UPDT_PNTTM	datetime	YES	NULL	최종수정시점
COMTNCOMMENT	LAST_UPDUSR_ID	varchar(20)	YES	NULL	최종수정자ID
COMTNCOMMENT	PASSWORD	varchar(200)	YES	NULL	비밀번호
COMTNCOMMUTE	WRKTM_ID	char(20)	NO	NULL	출퇴근 구분 ID
COMTNCOMMUTE	EMPLYR_ID	varchar(20)	NO	NULL	업무사용자ID
COMTNCOMMUTE	ORGNZT_ID	varchar(20)	YES	NULL	조직ID
COMTNCOMMUTE	WRKT_DT	varchar(10)	NO	NULL	출근날짜
COMTNCOMMUTE	WRK_START_TIME	varchar(14)	YES	NULL	출근시간
COMTNCOMMUTE	WRK_END_TIME	varchar(14)	YES	NULL	퇴근시간
COMTNCOMMUTE	WRK_HOURS	char(2)	YES	NULL	근무시간
COMTNCOMMUTE	OVTMWRK_HOURS	char(2)	YES	NULL	초과근무시간
COMTNCOMMUTE	WRK_START_STATUS	varchar(10)	YES	NULL	출근상태
COMTNCOMMUTE	WRK_END_STATUS	varchar(10)	YES	NULL	퇴근상태
COMTNCOMMUTE	RM	varchar(100)	YES	NULL	비고
COMTNCOMMUTE	FRST_REGISTER_ID	varchar(20)	YES	NULL	최초등록자ID
COMTNCOMMUTE	FRST_REGIST_PNTTM	datetime	YES	NULL	최초등록시점
COMTNCOMMUTE	LAST_UPDUSR_ID	varchar(20)	YES	NULL	최종수정자ID
COMTNCOMMUTE	LAST_UPDT_PNTTM	datetime	YES	NULL	최종수정시점
COMTNCPYRHTINFO	CPYRHT_ID	char(20)	NO	NULL	저작권ID
COMTNCPYRHTINFO	CPYRHT_PRTC_POLICY_CN	varchar(2500)	YES	NULL	저작권보호정책내용
COMTNCPYRHTINFO	FRST_REGIST_PNTTM	datetime	YES	NULL	최초등록시점
COMTNCPYRHTINFO	FRST_REGISTER_ID	varchar(20)	YES	NULL	최초등록자ID
COMTNCPYRHTINFO	LAST_UPDT_PNTTM	datetime	YES	NULL	최종수정시점
COMTNCPYRHTINFO	LAST_UPDUSR_ID	varchar(20)	YES	NULL	최종수정자ID
COMTNCTSNNMANAGE	CTSNN_ID	varchar(20)	NO	NULL	경조ID
COMTNCTSNNMANAGE	USER_ID	varchar(20)	NO	NULL	사용자ID
COMTNCTSNNMANAGE	CTSNN_CODE	char(2)	NO	NULL	경조코드
COMTNCTSNNMANAGE	REQST_DE	char(20)	NO	NULL	신청일
COMTNCTSNNMANAGE	CTSNN_NM	varchar(255)	NO	NULL	경조명
COMTNCTSNNMANAGE	TRGTER_NM	varchar(20)	NO	NULL	대상자명
COMTNCTSNNMANAGE	BRTHDY	char(20)	NO	NULL	생일
COMTNCTSNNMANAGE	OCCRRNC_DE	char(20)	NO	NULL	발생일
COMTNCTSNNMANAGE	RELATE	char(2)	NO	NULL	관계
COMTNCTSNNMANAGE	RM	varchar(2500)	YES	NULL	비고
COMTNCTSNNMANAGE	SANCTNER_ID	varchar(20)	NO	NULL	결재자ID
COMTNCTSNNMANAGE	CONFM_AT	char(1)	YES	NULL	승인여부
COMTNCTSNNMANAGE	SANCTN_DT	datetime	YES	NULL	결재일시
COMTNCTSNNMANAGE	RETURN_RESN	varchar(1000)	YES	NULL	반환사유
COMTNCTSNNMANAGE	INFRML_SANCTN_ID	char(20)	YES	NULL	약식결재ID
COMTNCTSNNMANAGE	FRST_REGISTER_ID	varchar(20)	YES	NULL	최초등록자ID
COMTNCTSNNMANAGE	FRST_REGIST_PNTTM	datetime	YES	NULL	최초등록시점
COMTNCTSNNMANAGE	LAST_UPDUSR_ID	varchar(20)	YES	NULL	최종수정자ID
COMTNCTSNNMANAGE	LAST_UPDT_PNTTM	datetime	YES	NULL	최종수정시점
COMTNDAMCALRES	ORGNZT_ID	char(20)	YES	NULL	조직ID
COMTNDAMCALRES	EXPERT_ID	char(20)	YES	NULL	전문가ID
COMTNDAMCALRES	KNWLDG_TY_CODE	varchar(3)	YES	NULL	지식유형코드
COMTNDAMCALRES	EMPLYR_ID	varchar(20)	YES	NULL	업무사용자ID
COMTNDAMCALRES	KNWLDG_NM	varchar(60)	YES	NULL	지식명
COMTNDAMCALRES	KNWLDG_CN	varchar(2500)	YES	NULL	지식내용
COMTNDAMCALRES	ATCH_FILE_ID	char(20)	YES	NULL	첨부파일ID
COMTNDAMCALRES	PARNTS_KNWLDG_ID	char(20)	YES	NULL	부모지식ID
COMTNDAMCALRES	ANSWER_DP	decimal(20,0)	YES	NULL	답변깊이
COMTNDAMCALRES	ANSWER_ORDR	decimal(20,0)	YES	NULL	답변순서
COMTNDAMCALRES	ANSWER_GROUP_NO	decimal(20,0)	YES	NULL	답변그룹번호
COMTNDAMCALRES	FRST_REGISTER_ID	varchar(20)	YES	NULL	최초등록자ID
COMTNDAMCALRES	FRST_REGIST_PNTTM	datetime	YES	NULL	최초등록시점
COMTNDAMCALRES	LAST_UPDUSR_ID	varchar(20)	YES	NULL	최종수정자ID
COMTNDAMCALRES	LAST_UPDT_PNTTM	datetime	YES	NULL	최종수정시점
COMTNDAMCALRES	KNWLDG_ID	char(20)	NO	NULL	지식ID
COMTNDAMKNOIFM	KNWLDG_ID	char(20)	NO	NULL	지식ID
COMTNDAMKNOIFM	KNWLDG_TY_CODE	varchar(3)	YES	NULL	지식유형코드
COMTNDAMKNOIFM	ORGNZT_ID	char(20)	YES	NULL	조직ID
COMTNDAMKNOIFM	EXPERT_ID	char(20)	YES	NULL	전문가ID
COMTNDAMKNOIFM	EMPLYR_ID	varchar(20)	YES	NULL	업무사용자ID
COMTNDAMKNOIFM	KNWLDG_NM	varchar(60)	YES	NULL	지식명
COMTNDAMKNOIFM	KNWLDG_CN	varchar(2500)	YES	NULL	지식내용
COMTNDAMKNOIFM	KWRD	varchar(100)	YES	NULL	키워드
COMTNDAMKNOIFM	OTHBC_AT	char(1)	YES	NULL	공개여부
COMTNDAMKNOIFM	KNWLDG_EVL	char(1)	YES	NULL	지식평가
COMTNDAMKNOIFM	COLCT_DE	char(20)	YES	NULL	수집일자
COMTNDAMKNOIFM	EVL_DE	char(20)	YES	NULL	평가일자
COMTNDAMKNOIFM	ATCH_FILE_ID	char(20)	YES	NULL	첨부파일ID
COMTNDAMKNOIFM	FRST_REGISTER_ID	varchar(20)	YES	NULL	최초등록자ID
COMTNDAMKNOIFM	FRST_REGIST_PNTTM	datetime	YES	NULL	최초등록시점
COMTNDAMKNOIFM	LAST_UPDUSR_ID	varchar(20)	YES	NULL	최종수정자ID
COMTNDAMKNOIFM	LAST_UPDT_PNTTM	datetime	YES	NULL	최종수정시점
COMTNDAMKNOIFM	DSUSE_DE	char(20)	YES	NULL	폐기일
COMTNDAMMAPKNO	KNWLDG_TY_CODE	varchar(3)	NO	NULL	지식유형코드
COMTNDAMMAPKNO	ORGNZT_ID	char(20)	YES	NULL	조직ID
COMTNDAMMAPKNO	EXPERT_ID	char(20)	YES	NULL	전문가ID
COMTNDAMMAPKNO	KNWLDG_TY_NM	varchar(60)	YES	NULL	지식유형명
COMTNDAMMAPKNO	CL_DE	char(20)	YES	NULL	분류일
COMTNDAMMAPKNO	KNWLDG_URL	varchar(255)	YES	NULL	지식URL
COMTNDAMMAPKNO	FRST_REGISTER_ID	varchar(20)	YES	NULL	최초등록자ID
COMTNDAMMAPKNO	FRST_REGIST_PNTTM	datetime	YES	NULL	최초등록시점
COMTNDAMMAPKNO	LAST_UPDUSR_ID	varchar(20)	YES	NULL	최종수정자ID
COMTNDAMMAPKNO	LAST_UPDT_PNTTM	datetime	YES	NULL	최종수정시점
COMTNDAMMAPTEAM	ORGNZT_ID	char(20)	NO	NULL	조직ID
COMTNDAMMAPTEAM	ORGNZT_NM	varchar(20)	YES	NULL	조직명
COMTNDAMMAPTEAM	CL_DE	char(20)	YES	NULL	분류일
COMTNDAMMAPTEAM	KNWLDG_URL	varchar(255)	YES	NULL	지식URL
COMTNDAMMAPTEAM	LAST_UPDUSR_ID	varchar(20)	YES	NULL	최종수정자ID
COMTNDAMMAPTEAM	LAST_UPDT_PNTTM	datetime	YES	NULL	최종수정시점
COMTNDAMPRO	EXPERT_ID	char(20)	NO	NULL	전문가ID
COMTNDAMPRO	KNWLDG_TY_CODE	varchar(3)	NO	NULL	지식유형코드
COMTNDAMPRO	EXPERT_GRAD	char(1)	NO	NULL	전문가등급
COMTNDAMPRO	EXPERT_CONFM_DE	char(20)	YES	NULL	전문가승인일
COMTNDAMPRO	FRST_REGISTER_ID	varchar(20)	YES	NULL	최초등록자ID
COMTNDAMPRO	FRST_REGIST_PNTTM	datetime	YES	NULL	최초등록시점
COMTNDAMPRO	LAST_UPDUSR_ID	varchar(20)	YES	NULL	최종수정자ID
COMTNDAMPRO	LAST_UPDT_PNTTM	datetime	YES	NULL	최종수정시점
COMTNDAMPRO	EXPERT_DC	varchar(2000)	YES	NULL	전문가설명
COMTNDBMNTRNG	DATA_SOURC_NM	varchar(60)	NO	NULL	데이터소스명
COMTNDBMNTRNG	SERVER_NM	varchar(60)	YES	NULL	서버명
COMTNDBMNTRNG	DBMS_KND	varchar(2)	YES	NULL	DBMS종류
COMTNDBMNTRNG	CECK_SQL	varchar(250)	YES	NULL	체크SQL
COMTNDBMNTRNG	MNGR_NM	varchar(60)	YES	NULL	관리자명
COMTNDBMNTRNG	MNGR_EMAIL_ADRES	varchar(50)	YES	NULL	관리자이메일주소
COMTNDBMNTRNG	MNTRNG_STTUS	char(2)	YES	NULL	모니터링상태
COMTNDBMNTRNG	CREAT_DT	datetime	YES	NULL	생성일시
COMTNDBMNTRNG	FRST_REGISTER_ID	varchar(20)	YES	NULL	최초등록자ID
COMTNDBMNTRNG	FRST_REGIST_PNTTM	datetime	NO	NULL	최초등록시점
COMTNDBMNTRNG	LAST_UPDUSR_ID	varchar(20)	YES	NULL	최종수정자ID
COMTNDBMNTRNG	LAST_UPDT_PNTTM	datetime	NO	NULL	최종수정시점
COMTNDEPTJOB	DEPT_JOB_ID	char(20)	NO	NULL	부서업무ID
COMTNDEPTJOB	DEPT_JOBBX_ID	char(6)	NO	NULL	부서업무함ID
COMTNDEPTJOB	DEPT_JOB_NM	varchar(255)	NO	NULL	부서업무명
COMTNDEPTJOB	DEPT_JOB_CN	varchar(2500)	NO	NULL	부서업무내용
COMTNDEPTJOB	ATCH_FILE_ID	char(20)	YES	NULL	첨부파일ID
COMTNDEPTJOB	CHARGER_ID	varchar(20)	NO	NULL	담당자ID
COMTNDEPTJOB	PRIORT	char(1)	NO	NULL	우선순위
COMTNDEPTJOB	FRST_REGISTER_ID	varchar(20)	NO	NULL	최초등록자ID
COMTNDEPTJOB	FRST_REGIST_PNTTM	datetime	NO	NULL	최초등록시점
COMTNDEPTJOB	LAST_UPDUSR_ID	varchar(20)	YES	NULL	최종수정자ID
COMTNDEPTJOB	LAST_UPDT_PNTTM	datetime	YES	NULL	최종수정시점
COMTNDEPTJOBBX	DEPT_JOBBX_ID	char(6)	NO	NULL	부서업무함ID
COMTNDEPTJOBBX	DEPT_JOBBX_NM	varchar(255)	NO	NULL	부서업무함명
COMTNDEPTJOBBX	DEPT_ID	varchar(20)	NO	NULL	부서ID
COMTNDEPTJOBBX	INDICT_ORDR	decimal(6,0)	YES	NULL	표시순서
COMTNDEPTJOBBX	FRST_REGISTER_ID	varchar(20)	NO	NULL	최초등록자ID
COMTNDEPTJOBBX	FRST_REGIST_PNTTM	datetime	NO	NULL	최초등록시점
COMTNDEPTJOBBX	LAST_UPDUSR_ID	varchar(20)	YES	NULL	최종수정자ID
COMTNDEPTJOBBX	LAST_UPDT_PNTTM	datetime	YES	NULL	최종수정시점
COMTNDIARYINFO	SCHDUL_ID	char(20)	NO	NULL	일정ID
COMTNDIARYINFO	DIARY_ID	char(20)	NO	NULL	일지ID
COMTNDIARYINFO	DIARY_PROGRSRT	decimal(3,0)	YES	NULL	일지진척률
COMTNDIARYINFO	DIARY_NM	varchar(255)	YES	NULL	일지명
COMTNDIARYINFO	DRCT_MATTER	varchar(2500)	YES	NULL	지시사항
COMTNDIARYINFO	PARTCLR_MATTER	varchar(2500)	YES	NULL	특이사항
COMTNDIARYINFO	ATCH_FILE_ID	char(20)	YES	NULL	첨부파일ID
COMTNDIARYINFO	FRST_REGIST_PNTTM	datetime	YES	NULL	최초등록시점
COMTNDIARYINFO	FRST_REGISTER_ID	varchar(20)	YES	NULL	최초등록자ID
COMTNDIARYINFO	LAST_UPDT_PNTTM	datetime	YES	NULL	최종수정시점
COMTNDIARYINFO	LAST_UPDUSR_ID	varchar(20)	YES	NULL	최종수정자ID
COMTNDTAUSESTATS	DTA_USE_STATS_ID	char(20)	NO	NULL	자료사용통계ID
COMTNDTAUSESTATS	BBS_ID	char(30)	NO	NULL	게시판ID
COMTNDTAUSESTATS	NTT_ID	decimal(20,0)	NO	NULL	게시물ID
COMTNDTAUSESTATS	ATCH_FILE_ID	char(20)	NO	NULL	첨부파일ID
COMTNDTAUSESTATS	FILE_SN	decimal(10,0)	NO	NULL	파일순번
COMTNDTAUSESTATS	FRST_REGISTER_ID	varchar(20)	YES	NULL	최초등록자ID
COMTNDTAUSESTATS	FRST_REGIST_PNTTM	datetime	YES	NULL	최초등록시점
COMTNDTAUSESTATS	LAST_UPDUSR_ID	varchar(20)	YES	NULL	최종수정자ID
COMTNDTAUSESTATS	LAST_UPDT_PNTTM	datetime	YES	NULL	최종수정시점
COMTNEMPLYRINFO	EMPLYR_ID	varchar(20)	NO	NULL	업무사용자ID
COMTNEMPLYRINFO	ORGNZT_ID	char(20)	YES	NULL	조직ID
COMTNEMPLYRINFO	USER_NM	varchar(60)	NO	NULL	사용자명
COMTNEMPLYRINFO	PASSWORD	varchar(200)	NO	NULL	비밀번호
COMTNEMPLYRINFO	EMPL_NO	varchar(20)	YES	NULL	사원번호
COMTNEMPLYRINFO	IHIDNUM	varchar(200)	YES	NULL	주민등록번호
COMTNEMPLYRINFO	SEXDSTN_CODE	char(1)	YES	NULL	성별코드
COMTNEMPLYRINFO	BRTHDY	char(20)	YES	NULL	생일
COMTNEMPLYRINFO	FXNUM	varchar(20)	YES	NULL	팩스번호
COMTNEMPLYRINFO	HOUSE_ADRES	varchar(100)	NO	NULL	주택주소
COMTNEMPLYRINFO	PASSWORD_HINT	varchar(100)	NO	NULL	비밀번호힌트
COMTNEMPLYRINFO	PASSWORD_CNSR	varchar(100)	NO	NULL	비밀번호정답
COMTNEMPLYRINFO	HOUSE_END_TELNO	varchar(4)	NO	NULL	주택끝전화번호
COMTNEMPLYRINFO	AREA_NO	varchar(4)	NO	NULL	지역번호
COMTNEMPLYRINFO	DETAIL_ADRES	varchar(100)	YES	NULL	상세주소
COMTNEMPLYRINFO	ZIP	varchar(6)	NO	NULL	우편번호
COMTNEMPLYRINFO	OFFM_TELNO	varchar(20)	YES	NULL	사무실전화번호
COMTNEMPLYRINFO	MBTLNUM	varchar(20)	YES	NULL	이동전화번호
COMTNEMPLYRINFO	EMAIL_ADRES	varchar(50)	YES	NULL	이메일주소
COMTNEMPLYRINFO	OFCPS_NM	varchar(60)	YES	NULL	직위명
COMTNEMPLYRINFO	HOUSE_MIDDLE_TELNO	varchar(4)	NO	NULL	주택중간전화번호
COMTNEMPLYRINFO	GROUP_ID	char(20)	YES	NULL	그룹ID
COMTNEMPLYRINFO	PSTINST_CODE	char(8)	YES	NULL	소속기관코드
COMTNEMPLYRINFO	EMPLYR_STTUS_CODE	char(1)	NO	NULL	사용자상태코드
COMTNEMPLYRINFO	ESNTL_ID	char(20)	NO	NULL	고유ID
COMTNEMPLYRINFO	CRTFC_DN_VALUE	varchar(100)	YES	NULL	인증DN값
COMTNEMPLYRINFO	SBSCRB_DE	datetime	YES	NULL	가입일자
COMTNEMPLYRINFO	LOCK_AT	char(1)	YES	NULL	잠금여부
COMTNEMPLYRINFO	LOCK_CNT	decimal(3,0)	YES	NULL	잠금회수
COMTNEMPLYRINFO	LOCK_LAST_PNTTM	datetime	YES	NULL	잠금최종시점
COMTNEMPLYRINFO	CHG_PWD_LAST_PNTTM	datetime	YES	NULL	
COMTNEMPLYRSCRTYESTBS	SCRTY_DTRMN_TRGET_ID	varchar(20)	NO	NULL	보안설정대상ID
COMTNEMPLYRSCRTYESTBS	MBER_TY_CODE	char(5)	YES	NULL	회원유형코드
COMTNEMPLYRSCRTYESTBS	AUTHOR_CODE	varchar(30)	NO	NULL	권한코드
COMTNENTRPRSMBER	ENTRPRS_MBER_ID	varchar(20)	NO		기업회원ID
COMTNENTRPRSMBER	ENTRPRS_SE_CODE	char(8)	YES	NULL	기업구분코드
COMTNENTRPRSMBER	BIZRNO	varchar(10)	YES	NULL	사업자등록번호
COMTNENTRPRSMBER	JURIRNO	varchar(13)	YES	NULL	법인등록번호
COMTNENTRPRSMBER	CMPNY_NM	varchar(60)	NO	NULL	회사명
COMTNENTRPRSMBER	CXFC	varchar(50)	YES	NULL	대표이사
COMTNENTRPRSMBER	ZIP	varchar(6)	NO	NULL	우편번호
COMTNENTRPRSMBER	ADRES	varchar(100)	NO	NULL	주소
COMTNENTRPRSMBER	ENTRPRS_MIDDLE_TELNO	varchar(4)	NO	NULL	기업중간전화번호
COMTNENTRPRSMBER	FXNUM	varchar(20)	YES	NULL	팩스번호
COMTNENTRPRSMBER	INDUTY_CODE	char(1)	YES	NULL	업종코드
COMTNENTRPRSMBER	APPLCNT_NM	varchar(50)	NO	NULL	신청인명
COMTNENTRPRSMBER	APPLCNT_IHIDNUM	varchar(200)	YES	NULL	신청인주민등록번호
COMTNENTRPRSMBER	SBSCRB_DE	datetime	YES	NULL	가입일자
COMTNENTRPRSMBER	ENTRPRS_MBER_STTUS	varchar(15)	YES	NULL	기업회원상태
COMTNENTRPRSMBER	ENTRPRS_MBER_PASSWORD	varchar(200)	YES	NULL	기업회원비밀번호
COMTNENTRPRSMBER	ENTRPRS_MBER_PASSWORD_HINT	varchar(100)	NO	NULL	기업회원비밀번호힌트
COMTNENTRPRSMBER	ENTRPRS_MBER_PASSWORD_CNSR	varchar(100)	NO	NULL	기업회원비밀번호정답
COMTNENTRPRSMBER	GROUP_ID	char(20)	YES	NULL	그룹ID
COMTNENTRPRSMBER	DETAIL_ADRES	varchar(100)	YES	NULL	상세주소
COMTNENTRPRSMBER	ENTRPRS_END_TELNO	varchar(4)	NO	NULL	기업끝전화번호
COMTNENTRPRSMBER	AREA_NO	varchar(4)	NO	NULL	지역번호
COMTNENTRPRSMBER	APPLCNT_EMAIL_ADRES	varchar(50)	NO	NULL	신청자이메일주소
COMTNENTRPRSMBER	ESNTL_ID	char(20)	NO	NULL	고유ID
COMTNENTRPRSMBER	LOCK_AT	char(1)	YES	NULL	잠금여부
COMTNENTRPRSMBER	LOCK_CNT	decimal(3,0)	YES	NULL	잠금회수
COMTNENTRPRSMBER	LOCK_LAST_PNTTM	datetime	YES	NULL	잠금최종시점
COMTNENTRPRSMBER	CHG_PWD_LAST_PNTTM	datetime	YES	NULL	
COMTNEVENTATDRN	APPLCNT_ID	varchar(20)	NO	NULL	신청인ID
COMTNEVENTATDRN	EVENT_ID	char(20)	NO	NULL	행사ID
COMTNEVENTATDRN	REQST_DE	char(20)	NO	NULL	신청일
COMTNEVENTATDRN	SANCTNER_ID	varchar(20)	NO	NULL	결재자ID
COMTNEVENTATDRN	CONFM_AT	char(1)	YES	NULL	승인여부
COMTNEVENTATDRN	SANCTN_DT	datetime	YES	NULL	결재일시
COMTNEVENTATDRN	RETURN_RESN	varchar(1000)	YES	NULL	반환사유
COMTNEVENTATDRN	INFRML_SANCTN_ID	char(20)	YES	NULL	약식결재ID
COMTNEVENTATDRN	FRST_REGISTER_ID	varchar(20)	YES	NULL	최초등록자ID
COMTNEVENTATDRN	FRST_REGIST_PNTTM	datetime	YES	NULL	최초등록시점
COMTNEVENTATDRN	LAST_UPDUSR_ID	varchar(20)	YES	NULL	최종수정자ID
COMTNEVENTATDRN	LAST_UPDT_PNTTM	datetime	YES	NULL	최종수정시점
COMTNEVENTINFO	EVENT_ID	char(20)	NO	NULL	행사ID
COMTNEVENTINFO	BSNS_YEAR	char(4)	YES	NULL	사업연도
COMTNEVENTINFO	BSNS_CODE	varchar(2)	YES	NULL	사업코드
COMTNEVENTINFO	EVENT_CN	varchar(1000)	YES	NULL	행사내용
COMTNEVENTINFO	EVENT_SVC_BGNDE	char(20)	YES	NULL	행사서비스시작일
COMTNEVENTINFO	SVC_USE_NMPR_CO	decimal(10,0)	YES	NULL	서비스사용인원수
COMTNEVENTINFO	CHARGER_NM	varchar(50)	YES	NULL	담당자명
COMTNEVENTINFO	PRPARETG_CN	varchar(2500)	YES	NULL	준비물내용
COMTNEVENTINFO	FRST_REGIST_PNTTM	datetime	YES	NULL	최초등록시점
COMTNEVENTINFO	FRST_REGISTER_ID	varchar(20)	YES	NULL	최초등록자ID
COMTNEVENTINFO	LAST_UPDT_PNTTM	datetime	YES	NULL	최종수정시점
COMTNEVENTINFO	LAST_UPDUSR_ID	varchar(20)	YES	NULL	최종수정자ID
COMTNEVENTINFO	EVENT_SVC_ENDDE	char(20)	YES	NULL	행사서비스종료일
COMTNEVENTINFO	EVENT_TY_CODE	char(1)	YES	NULL	행사유형코드
COMTNEVENTINFO	EVENT_CONFM_AT	char(1)	YES	NULL	행사승인여부
COMTNEVENTINFO	EVENT_CONFM_DE	char(20)	YES	NULL	행사승인날짜
COMTNEVENTMANAGE	EVENT_ID	char(20)	NO	NULL	행사ID
COMTNEVENTMANAGE	EVENT_SE	varchar(2)	NO	NULL	행사구분
COMTNEVENTMANAGE	EVENT_NM	varchar(60)	NO	NULL	행사명
COMTNEVENTMANAGE	EVENT_PURPS	varchar(200)	NO	NULL	행사목적
COMTNEVENTMANAGE	EVENT_BGNDE	char(20)	NO	NULL	행사시작일
COMTNEVENTMANAGE	EVENT_ENDDE	char(20)	NO	NULL	행사종료일
COMTNEVENTMANAGE	EVENT_AUSPC_INSTT_NM	varchar(60)	YES	NULL	행사주최기관명
COMTNEVENTMANAGE	EVENT_MNGT_INSTT_NM	varchar(60)	YES	NULL	행사주관기관명
COMTNEVENTMANAGE	EVENT_PLACE	varchar(200)	NO	NULL	행사장소
COMTNEVENTMANAGE	EVENT_CN	varchar(1000)	YES	NULL	행사내용
COMTNEVENTMANAGE	CT_OCCRRNC_AT	char(1)	YES	NULL	비용발생여부
COMTNEVENTMANAGE	PARTCPT_CT	decimal(16,0)	YES	NULL	참가비용
COMTNEVENTMANAGE	PSNCPA	decimal(10,0)	NO	NULL	정원
COMTNEVENTMANAGE	REFRN_URL	varchar(1024)	YES	NULL	참조URL
COMTNEVENTMANAGE	RCEPT_BGNDE	char(20)	NO	NULL	접수시작일
COMTNEVENTMANAGE	RCEPT_ENDDE	char(20)	NO	NULL	접수종료일
COMTNEVENTMANAGE	FRST_REGISTER_ID	varchar(20)	YES	NULL	최초등록자ID
COMTNEVENTMANAGE	FRST_REGIST_PNTTM	datetime	YES	NULL	최초등록시점
COMTNEVENTMANAGE	LAST_UPDUSR_ID	varchar(20)	YES	NULL	최종수정자ID
COMTNEVENTMANAGE	LAST_UPDT_PNTTM	datetime	YES	NULL	최종수정시점
COMTNEXTRLHRINFO	EVENT_ID	char(20)	NO	NULL	행사ID
COMTNEXTRLHRINFO	EXTRL_HR_ID	char(20)	NO	NULL	외부인사ID
COMTNEXTRLHRINFO	SEXDSTN_CODE	char(1)	YES	NULL	성별코드
COMTNEXTRLHRINFO	EXTRL_HR_NM	varchar(60)	YES	NULL	외부인사명
COMTNEXTRLHRINFO	OCCP_TY_CODE	char(1)	YES	NULL	직업유형코드
COMTNEXTRLHRINFO	PSITN_INSTT_NM	varchar(100)	YES	NULL	소속기관명
COMTNEXTRLHRINFO	BRTHDY	char(20)	YES	NULL	생일
COMTNEXTRLHRINFO	AREA_NO	varchar(4)	YES	NULL	지역번호
COMTNEXTRLHRINFO	MIDDLE_TELNO	varchar(4)	YES	NULL	중간전화번호
COMTNEXTRLHRINFO	END_TELNO	varchar(4)	YES	NULL	끝전화번호
COMTNEXTRLHRINFO	EMAIL_ADRES	varchar(50)	YES	NULL	이메일주소
COMTNEXTRLHRINFO	FRST_REGIST_PNTTM	datetime	YES	NULL	최초등록시점
COMTNEXTRLHRINFO	FRST_REGISTER_ID	varchar(20)	YES	NULL	최초등록자ID
COMTNEXTRLHRINFO	LAST_UPDT_PNTTM	datetime	YES	NULL	최종수정시점
COMTNEXTRLHRINFO	LAST_UPDUSR_ID	varchar(20)	YES	NULL	최종수정자ID
COMTNFAQINFO	FAQ_ID	char(20)	NO	NULL	FAQID
COMTNFAQINFO	QESTN_SJ	varchar(255)	YES	NULL	질문제목
COMTNFAQINFO	QESTN_CN	varchar(2500)	YES	NULL	질문내용
COMTNFAQINFO	ANSWER_CN	varchar(2500)	YES	NULL	답변내용
COMTNFAQINFO	RDCNT	decimal(10,0)	YES	NULL	조회수
COMTNFAQINFO	FRST_REGIST_PNTTM	datetime	NO	NULL	최초등록시점
COMTNFAQINFO	FRST_REGISTER_ID	varchar(20)	NO	NULL	최초등록자ID
COMTNFAQINFO	LAST_UPDT_PNTTM	datetime	NO	NULL	최종수정시점
COMTNFAQINFO	LAST_UPDUSR_ID	varchar(20)	NO	NULL	최종수정자ID
COMTNFAQINFO	ATCH_FILE_ID	char(20)	YES	NULL	첨부파일ID
COMTNFAQINFO	QNA_PROCESS_STTUS_CODE	char(1)	YES	NULL	질의응답처리상태코드
COMTNFILE	ATCH_FILE_ID	char(20)	NO	NULL	첨부파일ID
COMTNFILE	CREAT_DT	datetime	NO	NULL	생성일시
COMTNFILE	USE_AT	char(1)	YES	NULL	사용여부
COMTNFILEDETAIL	ATCH_FILE_ID	char(20)	NO	NULL	첨부파일ID
COMTNFILEDETAIL	FILE_SN	decimal(10,0)	NO	NULL	파일순번
COMTNFILEDETAIL	FILE_STRE_COURS	varchar(2000)	NO	NULL	파일저장경로
COMTNFILEDETAIL	STRE_FILE_NM	varchar(255)	NO	NULL	저장파일명
COMTNFILEDETAIL	ORIGNL_FILE_NM	varchar(255)	YES	NULL	원파일명
COMTNFILEDETAIL	FILE_EXTSN	varchar(20)	NO	NULL	파일확장자
COMTNFILEDETAIL	FILE_CN	mediumtext	YES	NULL	파일내용
COMTNFILEDETAIL	FILE_SIZE	decimal(8,0)	YES	NULL	파일크기
COMTNFILESYSMNTRNG	FILE_SYS_ID	char(20)	NO	NULL	파일시스템ID
COMTNFILESYSMNTRNG	FILE_SYS_NM	varchar(60)	NO	NULL	파일시스템명
COMTNFILESYSMNTRNG	FILE_SYS_MANAGE_NM	varchar(255)	NO	NULL	파일시스템관리명
COMTNFILESYSMNTRNG	FILE_SYS_SIZE	decimal(8,0)	NO	NULL	파일시스템크기
COMTNFILESYSMNTRNG	FILE_SYS_THRHLD	decimal(8,0)	NO	NULL	파일시스템임계치
COMTNFILESYSMNTRNG	FILE_SYS_USGQTY	decimal(8,0)	YES	NULL	파일시스템사용량
COMTNFILESYSMNTRNG	MNGR_NM	varchar(60)	YES	NULL	관리자명
COMTNFILESYSMNTRNG	MNGR_EMAIL_ADRES	varchar(50)	YES	NULL	관리자이메일주소
COMTNFILESYSMNTRNG	MNTRNG_STTUS	char(2)	YES	NULL	모니터링상태
COMTNFILESYSMNTRNG	CREAT_DT	datetime	YES	NULL	생성일시
COMTNFILESYSMNTRNG	FRST_REGISTER_ID	varchar(20)	YES	NULL	최초등록자ID
COMTNFILESYSMNTRNG	FRST_REGIST_PNTTM	datetime	YES	NULL	최초등록시점
COMTNFILESYSMNTRNG	LAST_UPDUSR_ID	varchar(20)	YES	NULL	최종수정자ID
COMTNFILESYSMNTRNG	LAST_UPDT_PNTTM	datetime	YES	NULL	최종수정시점
COMTNFILESYSMNTRNGLOGINFO	FILE_SYS_ID	char(20)	NO	NULL	파일시스템ID
COMTNFILESYSMNTRNGLOGINFO	FILE_SYS_NM	varchar(60)	NO	NULL	파일시스템명
COMTNFILESYSMNTRNGLOGINFO	FILE_SYS_MANAGE_NM	varchar(255)	NO	NULL	파일시스템관리명
COMTNFILESYSMNTRNGLOGINFO	FILE_SYS_SIZE	decimal(8,0)	NO	NULL	파일시스템크기
COMTNFILESYSMNTRNGLOGINFO	FILE_SYS_THRHLD	decimal(8,0)	NO	NULL	파일시스템임계치
COMTNFILESYSMNTRNGLOGINFO	FILE_SYS_USGQTY	decimal(8,0)	YES	NULL	파일시스템사용량
COMTNFILESYSMNTRNGLOGINFO	MNTRNG_STTUS	char(2)	YES	NULL	모니터링상태
COMTNFILESYSMNTRNGLOGINFO	LOG_INFO	varchar(2000)	YES	NULL	로그정보
COMTNFILESYSMNTRNGLOGINFO	CREAT_DT	datetime	YES	NULL	생성일시
COMTNFILESYSMNTRNGLOGINFO	FRST_REGISTER_ID	varchar(20)	YES	NULL	최초등록자ID
COMTNFILESYSMNTRNGLOGINFO	FRST_REGIST_PNTTM	datetime	YES	NULL	최초등록시점
COMTNFILESYSMNTRNGLOGINFO	LAST_UPDUSR_ID	varchar(20)	YES	NULL	최종수정자ID
COMTNFILESYSMNTRNGLOGINFO	LAST_UPDT_PNTTM	datetime	YES	NULL	최종수정시점
COMTNFILESYSMNTRNGLOGINFO	LOG_ID	char(20)	NO		로그ID
COMTNFXTRSMANAGE	FXTRS_CODE	char(14)	NO	NULL	비품코드
COMTNFXTRSMANAGE	FXTRS_NM	varchar(100)	NO	NULL	비품명
COMTNFXTRSMANAGE	MAKR_NM	varchar(100)	YES	NULL	제작자명
COMTNFXTRSMANAGE	PRICE	decimal(16,0)	YES	NULL	가격
COMTNGNRLMBER	MBER_ID	varchar(20)	NO		회원ID
COMTNGNRLMBER	PASSWORD	varchar(200)	NO	NULL	비밀번호
COMTNGNRLMBER	PASSWORD_HINT	varchar(100)	YES	NULL	비밀번호힌트
COMTNGNRLMBER	PASSWORD_CNSR	varchar(100)	YES	NULL	비밀번호정답
COMTNGNRLMBER	IHIDNUM	varchar(200)	YES	NULL	주민등록번호
COMTNGNRLMBER	MBER_NM	varchar(50)	NO	NULL	회원명
COMTNGNRLMBER	ZIP	varchar(6)	NO	NULL	우편번호
COMTNGNRLMBER	ADRES	varchar(100)	NO	NULL	주소
COMTNGNRLMBER	AREA_NO	varchar(4)	NO	NULL	지역번호
COMTNGNRLMBER	MBER_STTUS	varchar(15)	YES	NULL	회원상태
COMTNGNRLMBER	DETAIL_ADRES	varchar(100)	YES	NULL	상세주소
COMTNGNRLMBER	END_TELNO	varchar(4)	NO	NULL	끝전화번호
COMTNGNRLMBER	MBTLNUM	varchar(20)	NO	NULL	이동전화번호
COMTNGNRLMBER	GROUP_ID	char(20)	YES	NULL	그룹ID
COMTNGNRLMBER	MBER_FXNUM	varchar(20)	YES	NULL	회원팩스번호
COMTNGNRLMBER	MBER_EMAIL_ADRES	varchar(50)	YES	NULL	회원이메일주소
COMTNGNRLMBER	MIDDLE_TELNO	varchar(4)	NO	NULL	중간전화번호
COMTNGNRLMBER	SBSCRB_DE	datetime	YES	NULL	가입일자
COMTNGNRLMBER	SEXDSTN_CODE	char(1)	YES	NULL	성별코드
COMTNGNRLMBER	ESNTL_ID	char(20)	NO	NULL	고유ID
COMTNGNRLMBER	LOCK_AT	char(1)	YES	NULL	잠금여부
COMTNGNRLMBER	LOCK_CNT	decimal(3,0)	YES	NULL	잠금회수
COMTNGNRLMBER	LOCK_LAST_PNTTM	datetime	YES	NULL	잠금최종시점
COMTNGNRLMBER	CHG_PWD_LAST_PNTTM	datetime	YES	NULL	
COMTNHPCMINFO	HPCM_ID	char(20)	NO	NULL	도움말ID
COMTNHPCMINFO	HPCM_SE_CODE	char(1)	YES	NULL	도움말구분코드
COMTNHPCMINFO	HPCM_DFN	varchar(1000)	YES	NULL	도움말정의
COMTNHPCMINFO	HPCM_DC	varchar(2500)	YES	NULL	도움말설명
COMTNHPCMINFO	FRST_REGIST_PNTTM	datetime	YES	NULL	최초등록시점
COMTNHPCMINFO	FRST_REGISTER_ID	varchar(20)	YES	NULL	최초등록자ID
COMTNHPCMINFO	LAST_UPDT_PNTTM	datetime	YES	NULL	최종수정시점
COMTNHPCMINFO	LAST_UPDUSR_ID	varchar(20)	YES	NULL	최종수정자ID
COMTNHTTPMON	SYS_ID	varchar(20)	NO	NULL	시스템ID
COMTNHTTPMON	SITE_URL	varchar(100)	YES	NULL	사이트URL
COMTNHTTPMON	WEBSVC_KND	varchar(10)	YES	NULL	웹서비스종류
COMTNHTTPMON	HTTP_STTUS_CODE	varchar(3)	YES	NULL	HTTP상태코드
COMTNHTTPMON	CREAT_DT	datetime	YES	NULL	생성일시
COMTNHTTPMON	MNGR_NM	varchar(60)	YES	NULL	관리자명
COMTNHTTPMON	MNGR_EMAIL_ADRES	varchar(50)	YES	NULL	관리자이메일주소
COMTNHTTPMON	FRST_REGISTER_ID	varchar(20)	YES	NULL	최초등록자ID
COMTNHTTPMON	FRST_REGIST_PNTTM	datetime	YES	NULL	최초등록시점
COMTNHTTPMON	LAST_UPDUSR_ID	varchar(20)	YES	NULL	최종수정자ID
COMTNHTTPMON	LAST_UPDT_PNTTM	datetime	YES	NULL	최종수정시점
COMTNHTTPMON	DELETE_AT	char(1)	YES	NULL	삭제여부
COMTNINDVDLINFOPOLICY	INDVDL_INFO_POLICY_ID	char(20)	NO		개인정보정책ID
COMTNINDVDLINFOPOLICY	INDVDL_INFO_POLICY_CN	varchar(2500)	YES	NULL	개인정보정책내용
COMTNINDVDLINFOPOLICY	INDVDL_INFO_POLICY_AGRE_AT	char(1)	YES	NULL	개인정보정책동의여부
COMTNINDVDLINFOPOLICY	FRST_REGISTER_ID	varchar(20)	YES	NULL	최초등록자ID
COMTNINDVDLINFOPOLICY	FRST_REGIST_PNTTM	datetime	YES	NULL	최초등록시점
COMTNINDVDLINFOPOLICY	LAST_UPDUSR_ID	varchar(20)	YES	NULL	최종수정자ID
COMTNINDVDLINFOPOLICY	LAST_UPDT_PNTTM	datetime	YES	NULL	최종수정시점
COMTNINDVDLINFOPOLICY	INDVDL_INFO_POLICY_NM	varchar(255)	YES	NULL	개인정보정책명
COMTNINDVDLPGECNTNTS	CNTNTS_ID	varchar(20)	NO		컨텐츠ID
COMTNINDVDLPGECNTNTS	CNTNTS_NM	varchar(100)	NO	NULL	컨텐츠명
COMTNINDVDLPGECNTNTS	CNTC_URL	varchar(255)	NO	NULL	연계URL
COMTNINDVDLPGECNTNTS	CNTNTS_USE_AT	char(1)	NO	NULL	컨텐츠사용여부
COMTNINDVDLPGECNTNTS	CNTNTS_LINK_URL	varchar(1000)	YES	NULL	컨텐츠링크URL
COMTNINDVDLPGECNTNTS	CNTNTS_DC	varchar(250)	YES	NULL	컨텐츠설명
COMTNINDVDLPGEESTBS	EMPLYR_ID	varchar(20)	NO		업무사용자ID
COMTNINDVDLPGEESTBS	UPEND_IMAGE	varchar(1024)	YES	NULL	상단이미지
COMTNINDVDLPGEESTBS	TITLEBAR_COLOR	char(7)	YES	NULL	타이틀바색상
COMTNINDVDLPGEESTBS	ALGN_MTHD	char(1)	YES	NULL	배열방식
COMTNINDVDLPGEESTBS	ALGN_CO	decimal(10,0)	YES	NULL	배열개수
COMTNINDVDLYRYCMANAGE	OCCRRNC_YEAR	char(4)	NO	NULL	발생연도
COMTNINDVDLYRYCMANAGE	YRYC_OCCRRNC_CO	decimal(5,1)	YES	NULL	연차발생개수
COMTNINDVDLYRYCMANAGE	USE_YRYC_CO	decimal(5,1)	YES	NULL	사용연차개수
COMTNINDVDLYRYCMANAGE	REMNDR_YRYC_CO	decimal(5,1)	YES	NULL	잔여연차개수
COMTNINDVDLYRYCMANAGE	FRST_REGISTER_ID	varchar(20)	YES	NULL	최초등록자ID
COMTNINDVDLYRYCMANAGE	FRST_REGIST_PNTTM	datetime	YES	NULL	최초등록시점
COMTNINDVDLYRYCMANAGE	LAST_UPDUSR_ID	varchar(20)	YES	NULL	최종수정자ID
COMTNINDVDLYRYCMANAGE	LAST_UPDT_PNTTM	datetime	YES	NULL	최종수정시점
COMTNINDVDLYRYCMANAGE	USER_ID	varchar(20)	NO	NULL	사용자ID
COMTNINFRMLSANCTN	INFRML_SANCTN_ID	char(20)	NO	NULL	약식결재ID
COMTNINFRMLSANCTN	JOB_SE_CODE	char(3)	NO	NULL	업무구분코드
COMTNINFRMLSANCTN	APPLCNT_ID	varchar(20)	NO	NULL	신청인ID
COMTNINFRMLSANCTN	REQST_DE	char(20)	NO	NULL	신청일
COMTNINFRMLSANCTN	SANCTNER_ID	varchar(20)	NO	NULL	결재자ID
COMTNINFRMLSANCTN	CONFM_AT	char(1)	NO	NULL	승인여부
COMTNINFRMLSANCTN	SANCTN_DT	datetime	YES	NULL	결재일시
COMTNINFRMLSANCTN	RETURN_RESN	varchar(1000)	YES	NULL	반환사유
COMTNINFRMLSANCTN	FRST_REGISTER_ID	varchar(20)	YES	NULL	최초등록자ID
COMTNINFRMLSANCTN	FRST_REGIST_PNTTM	datetime	YES	NULL	최초등록시점
COMTNINFRMLSANCTN	LAST_UPDUSR_ID	varchar(20)	YES	NULL	최종수정자ID
COMTNINFRMLSANCTN	LAST_UPDT_PNTTM	datetime	YES	NULL	최종수정시점
COMTNINSTTCODE	INSTT_CODE	char(7)	NO	NULL	기관코드
COMTNINSTTCODE	ALL_INSTT_NM	varchar(255)	YES	NULL	전체기관명
COMTNINSTTCODE	LOWEST_INSTT_NM	varchar(100)	YES	NULL	최하위기관명
COMTNINSTTCODE	INSTT_ABRV_NM	varchar(50)	YES	NULL	기관약어명
COMTNINSTTCODE	ODR	char(1)	YES	NULL	차수
COMTNINSTTCODE	ORD	char(3)	YES	NULL	서열
COMTNINSTTCODE	INSTT_ODR	char(2)	YES	NULL	기관차수
COMTNINSTTCODE	UPPER_INSTT_CODE	char(7)	YES	NULL	상위기관코드
COMTNINSTTCODE	BEST_INSTT_CODE	char(7)	YES	NULL	최상위기관코드
COMTNINSTTCODE	REPRSNT_INSTT_CODE	char(7)	YES	NULL	대표기관코드
COMTNINSTTCODE	INSTT_TY_LCLAS	char(2)	YES	NULL	기관유형대분류
COMTNINSTTCODE	INSTT_TY_MLSFC	char(2)	YES	NULL	기관유형중분류
COMTNINSTTCODE	INSTT_TY_SCLAS	char(2)	YES	NULL	기관유형소분류
COMTNINSTTCODE	TELNO	varchar(20)	YES	NULL	전화번호
COMTNINSTTCODE	FXNUM	varchar(20)	YES	NULL	팩스번호
COMTNINSTTCODE	CREAT_DE	char(20)	YES	NULL	생성일
COMTNINSTTCODE	ABL_DE	char(20)	YES	NULL	폐지일
COMTNINSTTCODE	ABL_ENNC	char(1)	YES	NULL	폐지유무
COMTNINSTTCODE	CHANGE_DE	char(20)	YES	NULL	변경일
COMTNINSTTCODE	CHANGE_TIME	varchar(6)	YES	NULL	변경시간
COMTNINSTTCODE	BSIS_DE	char(20)	YES	NULL	기초일
COMTNINSTTCODE	SORT_ORDR	decimal(8,0)	YES	NULL	정렬순서
COMTNINSTTCODE	FRST_REGISTER_ID	varchar(20)	YES	NULL	최초등록자ID
COMTNINSTTCODE	FRST_REGIST_PNTTM	datetime	YES	NULL	최초등록시점
COMTNINSTTCODE	LAST_UPDUSR_ID	varchar(20)	YES	NULL	최종수정자ID
COMTNINSTTCODE	LAST_UPDT_PNTTM	datetime	YES	NULL	최종수정시점
COMTNINSTTCODERECPTNLOG	OCCRRNC_DE	char(20)	NO	NULL	발생일
COMTNINSTTCODERECPTNLOG	INSTT_CODE	char(7)	NO	NULL	기관코드
COMTNINSTTCODERECPTNLOG	OPERT_SN	decimal(10,0)	NO	NULL	작업일련번호
COMTNINSTTCODERECPTNLOG	CHANGE_SE_CODE	varchar(2)	YES	NULL	변경구분코드
COMTNINSTTCODERECPTNLOG	PROCESS_SE	varchar(2)	YES	NULL	처리구분
COMTNINSTTCODERECPTNLOG	ETC_CODE	char(2)	YES	NULL	기타코드
COMTNINSTTCODERECPTNLOG	ALL_INSTT_NM	varchar(255)	YES	NULL	전체기관명
COMTNINSTTCODERECPTNLOG	LOWEST_INSTT_NM	varchar(100)	YES	NULL	최하위기관명
COMTNINSTTCODERECPTNLOG	INSTT_ABRV_NM	varchar(50)	YES	NULL	기관약어명
COMTNINSTTCODERECPTNLOG	ODR	char(1)	YES	NULL	차수
COMTNINSTTCODERECPTNLOG	ORD	char(3)	YES	NULL	서열
COMTNINSTTCODERECPTNLOG	INSTT_ODR	char(2)	YES	NULL	기관차수
COMTNINSTTCODERECPTNLOG	UPPER_INSTT_CODE	char(7)	YES	NULL	상위기관코드
COMTNINSTTCODERECPTNLOG	BEST_INSTT_CODE	char(7)	YES	NULL	최상위기관코드
COMTNINSTTCODERECPTNLOG	REPRSNT_INSTT_CODE	char(7)	YES	NULL	대표기관코드
COMTNINSTTCODERECPTNLOG	INSTT_TY_LCLAS	char(2)	YES	NULL	기관유형대분류
COMTNINSTTCODERECPTNLOG	INSTT_TY_MLSFC	char(2)	YES	NULL	기관유형중분류
COMTNINSTTCODERECPTNLOG	INSTT_TY_SCLAS	char(2)	YES	NULL	기관유형소분류
COMTNINSTTCODERECPTNLOG	TELNO	varchar(20)	YES	NULL	전화번호
COMTNINSTTCODERECPTNLOG	FXNUM	varchar(20)	YES	NULL	팩스번호
COMTNINSTTCODERECPTNLOG	CREAT_DE	char(20)	YES	NULL	생성일
COMTNINSTTCODERECPTNLOG	ABL_DE	char(20)	YES	NULL	폐지일
COMTNINSTTCODERECPTNLOG	ABL_ENNC	char(1)	YES	NULL	폐지유무
COMTNINSTTCODERECPTNLOG	CHANGE_DE	char(20)	YES	NULL	변경일
COMTNINSTTCODERECPTNLOG	CHANGE_TIME	varchar(6)	YES	NULL	변경시간
COMTNINSTTCODERECPTNLOG	BSIS_DE	char(20)	YES	NULL	기초일
COMTNINSTTCODERECPTNLOG	SORT_ORDR	decimal(8,0)	YES	NULL	정렬순서
COMTNINSTTCODERECPTNLOG	FRST_REGISTER_ID	varchar(20)	YES	NULL	최초등록자ID
COMTNINSTTCODERECPTNLOG	FRST_REGIST_PNTTM	datetime	YES	NULL	최초등록시점
COMTNINSTTCODERECPTNLOG	LAST_UPDUSR_ID	varchar(20)	YES	NULL	최종수정자ID
COMTNINSTTCODERECPTNLOG	LAST_UPDT_PNTTM	datetime	YES	NULL	최종수정시점
COMTNINTNETSVC	INTNET_SVC_ID	char(20)	NO		인터넷서비스ID
COMTNINTNETSVC	INTNET_SVC_NM	varchar(20)	NO	NULL	인터넷서비스명
COMTNINTNETSVC	INTNET_SVC_DC	varchar(200)	YES	NULL	인터넷서비스설명
COMTNINTNETSVC	REFLCT_AT	char(1)	NO	NULL	반영여부
COMTNINTNETSVC	FRST_REGISTER_ID	varchar(20)	YES	NULL	최초등록자ID
COMTNINTNETSVC	FRST_REGIST_PNTTM	datetime	YES	NULL	최초등록시점
COMTNINTNETSVC	LAST_UPDUSR_ID	varchar(20)	YES	NULL	최종수정자ID
COMTNINTNETSVC	LAST_UPDT_PNTTM	datetime	YES	NULL	최종수정시점
COMTNLEADERSCHDUL	SCHDUL_ID	char(20)	NO	NULL	일정ID
COMTNLEADERSCHDUL	SCHDUL_SE	char(1)	YES	NULL	일정구분
COMTNLEADERSCHDUL	SCHDUL_NM	varchar(255)	NO	NULL	일정명
COMTNLEADERSCHDUL	SCHDUL_CN	varchar(2500)	NO	NULL	일정내용
COMTNLEADERSCHDUL	SCHDUL_PLACE	varchar(255)	YES	NULL	일정장소
COMTNLEADERSCHDUL	LEADER_ID	varchar(20)	NO	NULL	간부ID
COMTNLEADERSCHDUL	REPTIT_SE_CODE	char(1)	YES	NULL	반복구분코드
COMTNLEADERSCHDUL	SCHDUL_BGNDE	char(20)	YES	NULL	일정시작일
COMTNLEADERSCHDUL	SCHDUL_ENDDE	char(20)	YES	NULL	일정종료일
COMTNLEADERSCHDUL	SCHDUL_CHARGER_ID	varchar(20)	NO	NULL	일정담당자ID
COMTNLEADERSCHDUL	FRST_REGISTER_ID	varchar(20)	NO	NULL	최초등록자ID
COMTNLEADERSCHDUL	FRST_REGIST_PNTTM	datetime	NO	NULL	최초등록시점
COMTNLEADERSCHDUL	LAST_UPDUSR_ID	varchar(20)	YES	NULL	최종수정자ID
COMTNLEADERSCHDUL	LAST_UPDT_PNTTM	datetime	YES	NULL	최종수정시점
COMTNLEADERSCHDULDE	SCHDUL_ID	char(20)	NO	NULL	일정ID
COMTNLEADERSCHDULDE	SCHDUL_DE	char(8)	NO	NULL	일정일
COMTNLEADERSTTUS	LEADER_ID	varchar(20)	NO	NULL	간부ID
COMTNLEADERSTTUS	LEADER_STTUS	char(1)	NO	NULL	간부상태
COMTNLEADERSTTUS	FRST_REGIST_PNTTM	datetime	YES	NULL	최초등록자시점
COMTNLEADERSTTUS	FRST_REGISTER_ID	varchar(20)	YES	NULL	최초등록자ID
COMTNLEADERSTTUS	LAST_UPDT_PNTTM	datetime	YES	NULL	최종등록자시점
COMTNLEADERSTTUS	LAST_UPDUSR_ID	varchar(20)	YES	NULL	최종수정자ID
COMTNLOGINLOG	LOG_ID	char(20)	NO	NULL	로그ID
COMTNLOGINLOG	CONECT_ID	varchar(20)	YES	NULL	접속ID
COMTNLOGINLOG	CONECT_IP	varchar(23)	YES	NULL	접속IP
COMTNLOGINLOG	CONECT_MTHD	char(4)	YES	NULL	접속방식
COMTNLOGINLOG	ERROR_OCCRRNC_AT	char(1)	YES	NULL	오류발생여부
COMTNLOGINLOG	ERROR_CODE	char(3)	YES	NULL	오류코드
COMTNLOGINLOG	CREAT_DT	datetime	YES	NULL	생성일시
COMTNLOGINPOLICY	EMPLYR_ID	varchar(20)	NO		업무사용자ID
COMTNLOGINPOLICY	IP_INFO	varchar(23)	NO	NULL	IP정보
COMTNLOGINPOLICY	DPLCT_PERM_AT	char(1)	NO	NULL	중복허용여부
COMTNLOGINPOLICY	LMTT_AT	char(1)	NO	NULL	제한여부
COMTNLOGINPOLICY	FRST_REGISTER_ID	varchar(20)	YES	NULL	최초등록자ID
COMTNLOGINPOLICY	FRST_REGIST_PNTTM	datetime	YES	NULL	최초등록시점
COMTNLOGINPOLICY	LAST_UPDUSR_ID	varchar(20)	YES	NULL	최종수정자ID
COMTNLOGINPOLICY	LAST_UPDT_PNTTM	datetime	YES	NULL	최종수정시점
COMTNLOGINSCRINIMAGE	IMAGE_ID	char(20)	NO		이미지ID
COMTNLOGINSCRINIMAGE	IMAGE_NM	varchar(20)	NO	NULL	이미지명
COMTNLOGINSCRINIMAGE	REFLCT_AT	char(1)	NO	NULL	반영여부
COMTNLOGINSCRINIMAGE	IMAGE	varchar(60)	NO	NULL	이미지
COMTNLOGINSCRINIMAGE	IMAGE_DC	varchar(200)	YES	NULL	이미지설명
COMTNLOGINSCRINIMAGE	FRST_REGISTER_ID	varchar(20)	YES	NULL	최초등록자ID
COMTNLOGINSCRINIMAGE	FRST_REGIST_PNTTM	datetime	YES	NULL	최초등록시점
COMTNLOGINSCRINIMAGE	LAST_UPDUSR_ID	varchar(20)	YES	NULL	최종수정자ID
COMTNLOGINSCRINIMAGE	LAST_UPDT_PNTTM	datetime	YES	NULL	최종수정시점
COMTNLOGINSCRINIMAGE	IMAGE_FILE	varchar(60)	YES	NULL	이미지파일
COMTNMAINIMAGE	IMAGE_ID	char(20)	NO		이미지ID
COMTNMAINIMAGE	IMAGE_NM	varchar(20)	NO	NULL	이미지명
COMTNMAINIMAGE	IMAGE	varchar(60)	NO	NULL	이미지
COMTNMAINIMAGE	IMAGE_DC	varchar(200)	YES	NULL	이미지설명
COMTNMAINIMAGE	REFLCT_AT	char(1)	NO	NULL	반영여부
COMTNMAINIMAGE	FRST_REGISTER_ID	varchar(20)	YES	NULL	최초등록자ID
COMTNMAINIMAGE	FRST_REGIST_PNTTM	datetime	YES	NULL	최초등록시점
COMTNMAINIMAGE	LAST_UPDUSR_ID	varchar(20)	YES	NULL	최종수정자ID
COMTNMAINIMAGE	LAST_UPDT_PNTTM	datetime	YES	NULL	최종수정시점
COMTNMAINIMAGE	IMAGE_FILE	varchar(60)	YES	NULL	이미지파일
COMTNMEMOREPRT	REPRT_SJ	varchar(255)	NO	NULL	보고서제목
COMTNMEMOREPRT	REPORT_DE	char(20)	NO	NULL	보고일
COMTNMEMOREPRT	WRTER_ID	varchar(20)	NO	NULL	작성자ID
COMTNMEMOREPRT	REPORTR_ID	varchar(20)	NO	NULL	보고자ID
COMTNMEMOREPRT	REPORT_CN	varchar(2500)	NO	NULL	보고내용
COMTNMEMOREPRT	ATCH_FILE_ID	char(20)	YES	NULL	첨부파일ID
COMTNMEMOREPRT	DRCT_MATTER	varchar(2500)	YES	NULL	지시사항
COMTNMEMOREPRT	DRCT_MATTER_REGIST_DT	varchar(14)	YES	NULL	지시사항등록일시
COMTNMEMOREPRT	REPORTR_INQIRE_DT	varchar(14)	YES	NULL	보고자조회일시
COMTNMEMOREPRT	FRST_REGISTER_ID	varchar(20)	NO	NULL	최초등록자ID
COMTNMEMOREPRT	FRST_REGIST_PNTTM	datetime	NO	NULL	최초등록시점
COMTNMEMOREPRT	LAST_UPDUSR_ID	varchar(20)	YES	NULL	최종수정자ID
COMTNMEMOREPRT	LAST_UPDT_PNTTM	datetime	YES	NULL	최종수정시점
COMTNMEMOREPRT	REPRT_ID	char(6)	NO		보고서ID
COMTNMEMOTODO	TODO_ID	char(20)	NO	NULL	할일ID
COMTNMEMOTODO	TODO_SJ	varchar(255)	NO	NULL	할일제목
COMTNMEMOTODO	TODO_BEGIN_TIME	varchar(14)	NO	NULL	할일시작시간
COMTNMEMOTODO	TODO_END_TIME	varchar(14)	NO	NULL	할일종료시간
COMTNMEMOTODO	WRTER_ID	varchar(20)	NO	NULL	작성자ID
COMTNMEMOTODO	TODO_CN	varchar(2500)	NO	NULL	할일내용
COMTNMEMOTODO	FRST_REGISTER_ID	varchar(20)	NO	NULL	최초등록자ID
COMTNMEMOTODO	FRST_REGIST_PNTTM	datetime	NO	NULL	최초등록시점
COMTNMEMOTODO	LAST_UPDUSR_ID	varchar(20)	YES	NULL	최종수정자ID
COMTNMEMOTODO	LAST_UPDT_PNTTM	datetime	YES	NULL	최종수정시점
COMTNMENUCREATDTLS	MENU_NO	decimal(20,0)	NO	NULL	메뉴번호
COMTNMENUCREATDTLS	AUTHOR_CODE	varchar(30)	NO	NULL	권한코드
COMTNMENUCREATDTLS	MAPNG_CREAT_ID	varchar(30)	YES	NULL	매핑생성ID
COMTNMENUINFO	MENU_NM	varchar(60)	NO	NULL	메뉴명
COMTNMENUINFO	PROGRM_FILE_NM	varchar(60)	NO	NULL	프로그램파일명
COMTNMENUINFO	MENU_NO	decimal(20,0)	NO	NULL	메뉴번호
COMTNMENUINFO	UPPER_MENU_NO	decimal(20,0)	YES	NULL	상위메뉴번호
COMTNMENUINFO	MENU_ORDR	decimal(5,0)	NO	NULL	메뉴순서
COMTNMENUINFO	MENU_DC	varchar(250)	YES	NULL	메뉴설명
COMTNMENUINFO	RELATE_IMAGE_PATH	varchar(100)	YES	NULL	관계이미지경로
COMTNMENUINFO	RELATE_IMAGE_NM	varchar(60)	YES	NULL	관계이미지명
COMTNMTGINFO	MTG_ID	char(20)	NO	NULL	회의ID
COMTNMTGINFO	MTG_NM	varchar(255)	YES	NULL	회의명
COMTNMTGINFO	MTG_MTR_CN	varchar(1000)	YES	NULL	회의안건내용
COMTNMTGINFO	MTG_SN	decimal(10,0)	YES	NULL	회의순번
COMTNMTGINFO	MTG_CO	decimal(5,0)	YES	NULL	회의수
COMTNMTGINFO	MTG_DE	char(20)	YES	NULL	회의일
COMTNMTGINFO	MTG_PLACE	varchar(255)	YES	NULL	회의장소
COMTNMTGINFO	MTG_BEGIN_TM	varchar(14)	YES	NULL	회의시작시간
COMTNMTGINFO	MTG_END_TM	varchar(14)	YES	NULL	회의종료시간
COMTNMTGINFO	CLSDR_MTG_AT	char(1)	YES	NULL	비공개회의여부
COMTNMTGINFO	READNG_BGNDE	char(20)	YES	NULL	열람개시일
COMTNMTGINFO	READNG_AT	char(1)	YES	NULL	열람여부
COMTNMTGINFO	MTG_RESULT_CN	varchar(1000)	YES	NULL	회의결과내용
COMTNMTGINFO	MTG_RESULT_ENNC	char(1)	YES	NULL	회의결과유무
COMTNMTGINFO	ETC_MATTER	varchar(1000)	YES	NULL	기타사항
COMTNMTGINFO	MNGT_DEPT_ID	varchar(20)	YES	NULL	주관부서ID
COMTNMTGINFO	MNAER_ID	varchar(20)	YES	NULL	주관자ID
COMTNMTGINFO	MNAER_DEPT_ID	varchar(20)	YES	NULL	주관자부서ID
COMTNMTGINFO	MTG_AT	char(1)	YES	NULL	회의여부
COMTNMTGINFO	NONATDRN_CO	decimal(10,0)	YES	NULL	불참자수
COMTNMTGINFO	ATDRN_CO	decimal(10,0)	YES	NULL	참석자수
COMTNMTGINFO	FRST_REGIST_PNTTM	datetime	YES	NULL	최초등록시점
COMTNMTGINFO	FRST_REGISTER_ID	varchar(20)	YES	NULL	최초등록자ID
COMTNMTGINFO	LAST_UPDT_PNTTM	datetime	YES	NULL	최종수정시점
COMTNMTGINFO	LAST_UPDUSR_ID	varchar(20)	YES	NULL	최종수정자ID
COMTNMTGPLACEFXTRS	MTGRUM_ID	char(20)	NO	NULL	회의실ID
COMTNMTGPLACEFXTRS	FXTRS_CODE	char(14)	NO	NULL	비품코드
COMTNMTGPLACEFXTRS	QY	decimal(20,0)	NO	NULL	량
COMTNMTGPLACEFXTRS	FRST_REGISTER_ID	varchar(20)	YES	NULL	최초등록자ID
COMTNMTGPLACEFXTRS	FRST_REGIST_PNTTM	datetime	YES	NULL	최초등록시점
COMTNMTGPLACEFXTRS	LAST_UPDUSR_ID	varchar(20)	YES	NULL	최종수정자ID
COMTNMTGPLACEFXTRS	LAST_UPDT_PNTTM	datetime	YES	NULL	최종수정시점
COMTNMTGPLACEMANAGE	MTGRUM_ID	char(20)	NO	NULL	회의실ID
COMTNMTGPLACEMANAGE	MTGRUM_NM	varchar(255)	NO	NULL	회의실명
COMTNMTGPLACEMANAGE	OPN_BEGIN_TM	varchar(6)	NO	NULL	개방시작시각
COMTNMTGPLACEMANAGE	OPN_END_TM	varchar(6)	NO	NULL	개방종료시각
COMTNMTGPLACEMANAGE	ACEPTNC_POSBL_NMPR	decimal(10,0)	NO	NULL	수용가능인원
COMTNMTGPLACEMANAGE	LC_SE	char(5)	YES	NULL	위치구분
COMTNMTGPLACEMANAGE	LC_DETAIL	varchar(200)	YES	NULL	위치상세
COMTNMTGPLACEMANAGE	ATCH_FILE_ID	char(20)	YES	NULL	첨부파일ID
COMTNMTGPLACEMANAGE	FRST_REGISTER_ID	varchar(20)	YES	NULL	최초등록자ID
COMTNMTGPLACEMANAGE	FRST_REGIST_PNTTM	datetime	YES	NULL	최초등록시점
COMTNMTGPLACEMANAGE	LAST_UPDUSR_ID	varchar(20)	YES	NULL	최종수정자ID
COMTNMTGPLACEMANAGE	LAST_UPDT_PNTTM	datetime	YES	NULL	최종수정시점
COMTNMTGPLACERESVE	RESVE_ID	char(20)	NO	NULL	예약ID
COMTNMTGPLACERESVE	MTGRUM_ID	char(20)	NO	NULL	회의실ID
COMTNMTGPLACERESVE	MTG_SJ	varchar(100)	NO	NULL	회의제목
COMTNMTGPLACERESVE	RSVCTM_ID	varchar(20)	NO	NULL	예약자ID
COMTNMTGPLACERESVE	RESVE_DE	char(8)	NO	NULL	예약일
COMTNMTGPLACERESVE	RESVE_BEGIN_TM	varchar(14)	NO	NULL	예약시작시각
COMTNMTGPLACERESVE	RESVE_END_TM	varchar(14)	NO	NULL	예약종료시각
COMTNMTGPLACERESVE	ATNDNC_NMPR	decimal(10,0)	YES	NULL	참석인원
COMTNMTGPLACERESVE	MTG_CN	varchar(2500)	YES	NULL	회의내용
COMTNMTGPLACERESVE	FRST_REGISTER_ID	varchar(20)	YES	NULL	최초등록자ID
COMTNMTGPLACERESVE	FRST_REGIST_PNTTM	datetime	YES	NULL	최초등록시점
COMTNMTGPLACERESVE	LAST_UPDUSR_ID	varchar(20)	YES	NULL	최종수정자ID
COMTNMTGPLACERESVE	LAST_UPDT_PNTTM	datetime	YES	NULL	최종수정시점
COMTNNCRD	NCRD_ID	char(20)	NO	NULL	명함ID
COMTNNCRD	NCRD_TRGTER_ID	varchar(20)	YES	NULL	명함대상자ID
COMTNNCRD	NM	varchar(50)	NO	NULL	이름
COMTNNCRD	TELNO	varchar(20)	YES	NULL	전화번호
COMTNNCRD	NATION_NO	varchar(10)	YES	NULL	국가번호
COMTNNCRD	AREA_NO	varchar(4)	YES	NULL	지역번호
COMTNNCRD	MIDDLE_TELNO	varchar(4)	YES	NULL	중간전화번호
COMTNNCRD	END_TELNO	varchar(4)	YES	NULL	끝전화번호
COMTNNCRD	MBTLNUM	varchar(20)	YES	NULL	이동전화번호
COMTNNCRD	IDNTFC_NO	varchar(10)	YES	NULL	식별번호
COMTNNCRD	MIDDLE_MBTLNUM	varchar(4)	YES	NULL	중간이동전화번호
COMTNNCRD	END_MBTLNUM	varchar(4)	YES	NULL	끝이동전화번호
COMTNNCRD	EMAIL_ADRES	varchar(50)	YES	NULL	이메일주소
COMTNNCRD	CMPNY_NM	varchar(60)	YES	NULL	회사명
COMTNNCRD	DEPT_NM	varchar(60)	YES	NULL	부서명
COMTNNCRD	ADRES	varchar(100)	YES	NULL	주소
COMTNNCRD	DETAIL_ADRES	varchar(100)	YES	NULL	상세주소
COMTNNCRD	OFCPS_NM	varchar(60)	YES	NULL	직위명
COMTNNCRD	CLSF_NM	varchar(60)	YES	NULL	직급명
COMTNNCRD	EXTRL_USER_AT	char(1)	YES	NULL	외부사용자여부
COMTNNCRD	OTHBC_AT	char(1)	NO	NULL	공개여부
COMTNNCRD	RM	varchar(2500)	YES	NULL	비고
COMTNNCRD	FRST_REGIST_PNTTM	datetime	NO	NULL	최초등록시점
COMTNNCRD	FRST_REGISTER_ID	varchar(20)	YES	NULL	최초등록자ID
COMTNNCRD	LAST_UPDT_PNTTM	datetime	YES	NULL	최종수정시점
COMTNNCRD	LAST_UPDUSR_ID	varchar(20)	YES	NULL	최종수정자ID
COMTNNCRDUSER	NCRD_ID	char(20)	NO	NULL	명함ID
COMTNNCRDUSER	REGIST_SE_CODE	char(6)	NO	NULL	등록구분코드
COMTNNCRDUSER	USE_AT	char(1)	NO	NULL	사용여부
COMTNNCRDUSER	CREAT_DT	datetime	NO	NULL	생성일시
COMTNNCRDUSER	EMPLYR_ID	varchar(20)	NO		업무사용자ID
COMTNNEWSINFO	NEWS_ID	char(20)	NO	NULL	뉴스ID
COMTNNEWSINFO	NEWS_SJ	varchar(100)	YES	NULL	뉴스제목
COMTNNEWSINFO	NEWS_CN	varchar(2500)	YES	NULL	뉴스내용
COMTNNEWSINFO	NEWS_ORIGIN	varchar(250)	YES	NULL	뉴스출처
COMTNNEWSINFO	NTCE_AT	char(1)	YES	NULL	게시여부
COMTNNEWSINFO	FRST_REGIST_PNTTM	datetime	NO	NULL	최초등록시점
COMTNNEWSINFO	FRST_REGISTER_ID	varchar(20)	NO	NULL	최초등록자ID
COMTNNEWSINFO	LAST_UPDT_PNTTM	datetime	NO	NULL	최종수정시점
COMTNNEWSINFO	LAST_UPDUSR_ID	varchar(20)	NO	NULL	최종수정자ID
COMTNNEWSINFO	NTCE_DE	char(20)	YES	NULL	게시일
COMTNNEWSINFO	ATCH_FILE_ID	char(20)	YES	NULL	첨부파일ID
COMTNNOTE	NOTE_ID	char(20)	NO	NULL	쪽지ID
COMTNNOTE	NOTE_SJ	varchar(255)	YES	NULL	쪽지제목
COMTNNOTE	NOTE_CN	varchar(4000)	YES	NULL	쪽지내용
COMTNNOTE	ATCH_FILE_ID	char(20)	YES	NULL	첨부파일ID
COMTNNOTE	FRST_REGISTER_ID	varchar(20)	YES	NULL	최초등록자ID
COMTNNOTE	FRST_REGIST_PNTTM	datetime	YES	NULL	최초등록시점
COMTNNOTE	LAST_UPDUSR_ID	varchar(20)	YES	NULL	최종수정자ID
COMTNNOTE	LAST_UPDT_PNTTM	datetime	YES	NULL	최종수정시점
COMTNNOTERECPTN	NOTE_ID	char(20)	NO	NULL	쪽지ID
COMTNNOTERECPTN	NOTE_TRNSMIT_ID	char(20)	NO	NULL	쪽지송신ID
COMTNNOTERECPTN	NOTE_RECPTN_ID	char(20)	NO	NULL	쪽지수신ID
COMTNNOTERECPTN	RCVER_ID	char(20)	YES	NULL	수신자ID
COMTNNOTERECPTN	OPEN_YN	char(1)	YES	NULL	개봉여부
COMTNNOTERECPTN	RECPTN_SE	char(1)	YES	NULL	수신구분
COMTNNOTERECPTN	FRST_REGISTER_ID	varchar(20)	YES	NULL	최초등록자ID
COMTNNOTERECPTN	FRST_REGIST_PNTTM	datetime	YES	NULL	최초등록시점
COMTNNOTERECPTN	LAST_UPDUSR_ID	varchar(20)	YES	NULL	최종수정자ID
COMTNNOTERECPTN	LAST_UPDT_PNTTM	datetime	YES	NULL	최종수정시점
COMTNNOTETRNSMIT	NOTE_ID	char(20)	NO	NULL	쪽지ID
COMTNNOTETRNSMIT	NOTE_TRNSMIT_ID	char(20)	NO	NULL	쪽지송신ID
COMTNNOTETRNSMIT	TRNSMITER_ID	char(20)	YES	NULL	송신자ID
COMTNNOTETRNSMIT	DELETE_AT	char(8)	YES	NULL	삭제여부
COMTNNOTETRNSMIT	FRST_REGISTER_ID	varchar(20)	YES	NULL	최초등록자ID
COMTNNOTETRNSMIT	FRST_REGIST_PNTTM	datetime	YES	NULL	최초등록시점
COMTNNOTETRNSMIT	LAST_UPDUSR_ID	varchar(20)	YES	NULL	최종수정자ID
COMTNNOTETRNSMIT	LAST_UPDT_PNTTM	datetime	YES	NULL	최종수정시점
COMTNNTFCINFO	NTCN_NO	decimal(20,0)	NO	0	알림번호
COMTNNTFCINFO	NTCN_SJ	varchar(60)	NO	NULL	알림제목
COMTNNTFCINFO	NTCN_CN	varchar(100)	NO	NULL	알림내용
COMTNNTFCINFO	NTCN_TM	varchar(14)	NO	NULL	알림시간
COMTNNTFCINFO	BH_NTCN_INTRVL	varchar(20)	NO	NULL	사전알림간격
COMTNNTFCINFO	FRST_REGIST_PNTTM	datetime	NO	NULL	최초등록시점
COMTNNTFCINFO	LAST_UPDT_PNTTM	datetime	YES	NULL	최종수정시점
COMTNNTFCINFO	FRST_REGISTER_ID	varchar(20)	NO	NULL	최초등록자ID
COMTNNTFCINFO	LAST_UPDUSR_ID	varchar(20)	YES	NULL	최종수정자ID
COMTNNTTSTATS	STATS_ID	char(18)	NO		통계ID
COMTNNTTSTATS	NTCE_CO	decimal(10,0)	YES	NULL	게시개수
COMTNNTTSTATS	AVRG_RDCNT	decimal(10,0)	YES	NULL	평균조회수
COMTNNTTSTATS	TOP_RDCNT	decimal(10,0)	YES	NULL	최고조회수
COMTNNTTSTATS	MUMM_RDCNT	decimal(10,0)	YES	NULL	최소조회수
COMTNNTTSTATS	TOP_NTCR_ID	varchar(20)	YES	NULL	최고게시자ID
COMTNNTWRKINFO	NTWRK_ID	char(20)	NO	NULL	네트워크ID
COMTNNTWRKINFO	NTWRK_IP	varchar(23)	YES	NULL	네트워크IP
COMTNNTWRKINFO	GTWY	varchar(23)	YES	NULL	게이트웨이
COMTNNTWRKINFO	SUBNET	varchar(23)	YES	NULL	서브넷
COMTNNTWRKINFO	DOMN_NM_SERVER	varchar(23)	YES	NULL	도메인명서버
COMTNNTWRKINFO	MANAGE_IEM	char(2)	YES	NULL	관리항목
COMTNNTWRKINFO	USER_NM	varchar(60)	YES	NULL	사용자명
COMTNNTWRKINFO	USE_AT	char(1)	YES	NULL	사용여부
COMTNNTWRKINFO	RGSDE	datetime	YES	NULL	등록일
COMTNNTWRKINFO	FRST_REGISTER_ID	varchar(20)	YES	NULL	최초등록자ID
COMTNNTWRKINFO	FRST_REGIST_PNTTM	datetime	YES	NULL	최초등록시점
COMTNNTWRKINFO	LAST_UPDUSR_ID	varchar(20)	YES	NULL	최종수정자ID
COMTNNTWRKINFO	LAST_UPDT_PNTTM	datetime	YES	NULL	최종수정시점
COMTNNTWRKSVCMNTRNG	SYS_IP	varchar(23)	NO	NULL	시스템IP
COMTNNTWRKSVCMNTRNG	SYS_PORT	decimal(5,0)	NO	NULL	시스템포트
COMTNNTWRKSVCMNTRNG	SYS_NM	varchar(255)	NO	NULL	시스템명
COMTNNTWRKSVCMNTRNG	MNGR_NM	varchar(60)	YES	NULL	관리자명
COMTNNTWRKSVCMNTRNG	MNGR_EMAIL_ADRES	varchar(50)	YES	NULL	관리자이메일주소
COMTNNTWRKSVCMNTRNG	MNTRNG_STTUS	char(2)	YES	NULL	모니터링상태
COMTNNTWRKSVCMNTRNG	CREAT_DT	datetime	YES	NULL	생성일시
COMTNNTWRKSVCMNTRNG	FRST_REGISTER_ID	varchar(20)	YES	NULL	최초등록자ID
COMTNNTWRKSVCMNTRNG	FRST_REGIST_PNTTM	datetime	YES	NULL	최초등록시점
COMTNNTWRKSVCMNTRNG	LAST_UPDUSR_ID	varchar(20)	NO	NULL	최종수정자ID
COMTNNTWRKSVCMNTRNG	LAST_UPDT_PNTTM	datetime	NO	NULL	최종수정시점
COMTNNTWRKSVCMNTRNGLOGINFO	SYS_IP	varchar(23)	NO	NULL	시스템IP
COMTNNTWRKSVCMNTRNGLOGINFO	SYS_PORT	decimal(5,0)	NO	NULL	시스템포트
COMTNNTWRKSVCMNTRNGLOGINFO	SYS_NM	varchar(255)	NO	NULL	시스템명
COMTNNTWRKSVCMNTRNGLOGINFO	MNTRNG_STTUS	char(2)	YES	NULL	모니터링상태
COMTNNTWRKSVCMNTRNGLOGINFO	LOG_INFO	varchar(2000)	YES	NULL	로그정보
COMTNNTWRKSVCMNTRNGLOGINFO	CREAT_DT	datetime	YES	NULL	생성일시
COMTNNTWRKSVCMNTRNGLOGINFO	FRST_REGISTER_ID	varchar(20)	YES	NULL	최초등록자ID
COMTNNTWRKSVCMNTRNGLOGINFO	FRST_REGIST_PNTTM	datetime	YES	NULL	최초등록시점
COMTNNTWRKSVCMNTRNGLOGINFO	LAST_UPDUSR_ID	varchar(20)	NO	NULL	최종수정자ID
COMTNNTWRKSVCMNTRNGLOGINFO	LAST_UPDT_PNTTM	datetime	NO	NULL	최종수정시점
COMTNNTWRKSVCMNTRNGLOGINFO	LOG_ID	char(20)	NO		로그ID
COMTNONLINEMANUAL	ONLINE_MNL_ID	char(20)	NO		온라인메뉴얼ID
COMTNONLINEMANUAL	ONLINE_MNL_SE_CODE	char(3)	YES	NULL	온라인메뉴얼구분코드
COMTNONLINEMANUAL	ONLINE_MNL_DFN	mediumtext	YES	NULL	온라인메뉴얼정의
COMTNONLINEMANUAL	ONLINE_MNL_DC	mediumtext	YES	NULL	온라인메뉴얼설명
COMTNONLINEMANUAL	FRST_REGISTER_ID	varchar(20)	YES	NULL	최초등록자ID
COMTNONLINEMANUAL	FRST_REGIST_PNTTM	datetime	YES	NULL	최초등록시점
COMTNONLINEMANUAL	LAST_UPDUSR_ID	varchar(20)	YES	NULL	최종수정자ID
COMTNONLINEMANUAL	LAST_UPDT_PNTTM	datetime	YES	NULL	최종수정시점
COMTNONLINEMANUAL	ONLINE_MNL_NM	varchar(255)	YES	NULL	온라인메뉴얼명
COMTNONLINEPOLLIEM	POLL_IEM_NM	varchar(255)	YES	NULL	POLL항목명
COMTNONLINEPOLLIEM	FRST_REGISTER_ID	varchar(20)	YES	NULL	최초등록자ID
COMTNONLINEPOLLIEM	FRST_REGIST_PNTTM	datetime	YES	NULL	최초등록시점
COMTNONLINEPOLLIEM	LAST_UPDUSR_ID	varchar(20)	YES	NULL	최종수정자ID
COMTNONLINEPOLLIEM	LAST_UPDT_PNTTM	datetime	YES	NULL	최종수정시점
COMTNONLINEPOLLIEM	POLL_IEM_ID	char(20)	NO	NULL	POLL항목ID
COMTNONLINEPOLLIEM	POLL_ID	char(20)	NO	NULL	POLLID
COMTNONLINEPOLLMANAGE	POLL_ID	char(20)	NO	NULL	POLLID
COMTNONLINEPOLLMANAGE	POLL_NM	varchar(255)	YES	NULL	POLL명
COMTNONLINEPOLLMANAGE	POLL_BGNDE	char(10)	YES	NULL	POLL시작일
COMTNONLINEPOLLMANAGE	POLL_ENDDE	char(10)	YES	NULL	POLL종료일
COMTNONLINEPOLLMANAGE	POLL_KND	char(3)	YES	NULL	POLL종류
COMTNONLINEPOLLMANAGE	POLL_DSUSE_ENNC	char(1)	YES	NULL	POLL폐기유무
COMTNONLINEPOLLMANAGE	POLL_ATMC_DSUSE_ENNC	char(1)	YES	NULL	POLL자동폐기유무
COMTNONLINEPOLLMANAGE	FRST_REGISTER_ID	varchar(20)	YES	NULL	최초등록자ID
COMTNONLINEPOLLMANAGE	FRST_REGIST_PNTTM	datetime	YES	NULL	최초등록시점
COMTNONLINEPOLLMANAGE	LAST_UPDUSR_ID	varchar(20)	YES	NULL	최종수정자ID
COMTNONLINEPOLLMANAGE	LAST_UPDT_PNTTM	datetime	YES	NULL	최종수정시점
COMTNONLINEPOLLRESULT	POLL_RESULT_ID	char(20)	NO		POLL결과ID
COMTNONLINEPOLLRESULT	FRST_REGISTER_ID	varchar(20)	YES	NULL	최초등록자ID
COMTNONLINEPOLLRESULT	FRST_REGIST_PNTTM	datetime	YES	NULL	최초등록시점
COMTNONLINEPOLLRESULT	LAST_UPDUSR_ID	varchar(20)	YES	NULL	최종수정자ID
COMTNONLINEPOLLRESULT	LAST_UPDT_PNTTM	datetime	YES	NULL	최종수정시점
COMTNONLINEPOLLRESULT	POLL_IEM_ID	char(20)	NO	NULL	POLL항목ID
COMTNONLINEPOLLRESULT	POLL_ID	char(20)	NO	NULL	POLLID
COMTNORGNZTINFO	ORGNZT_ID	char(20)	NO		조직ID
COMTNORGNZTINFO	ORGNZT_NM	varchar(20)	NO	NULL	조직명
COMTNORGNZTINFO	ORGNZT_DC	varchar(100)	YES	NULL	조직설명
COMTNPOPUPMANAGE	POPUP_ID	varchar(20)	NO		팝업ID
COMTNPOPUPMANAGE	POPUP_SJ_NM	varchar(1024)	YES	NULL	팝업제목명
COMTNPOPUPMANAGE	FILE_URL	varchar(1024)	YES	NULL	파일URL
COMTNPOPUPMANAGE	POPUP_WIDTH_LC	varchar(20)	YES	NULL	팝업가로위치
COMTNPOPUPMANAGE	POPUP_WIDTH_SIZE	decimal(10,0)	YES	NULL	팝업가로사이즈
COMTNPOPUPMANAGE	NTCE_BGNDE	char(20)	YES	NULL	게시시작일
COMTNPOPUPMANAGE	NTCE_ENDDE	char(20)	YES	NULL	게시종료일
COMTNPOPUPMANAGE	STOPVEW_SETUP_AT	char(1)	YES	NULL	그만보기설정여부
COMTNPOPUPMANAGE	NTCE_AT	char(1)	YES	NULL	게시여부
COMTNPOPUPMANAGE	POPUP_VRTICL_LC	varchar(20)	YES	NULL	팝업세로위치
COMTNPOPUPMANAGE	POPUP_VRTICL_SIZE	decimal(10,0)	YES	NULL	팝업세로사이즈
COMTNPOPUPMANAGE	FRST_REGISTER_ID	varchar(20)	YES	NULL	최초등록자ID
COMTNPOPUPMANAGE	FRST_REGIST_PNTTM	datetime	YES	NULL	최초등록시점
COMTNPOPUPMANAGE	LAST_UPDUSR_ID	varchar(20)	YES	NULL	최종수정자ID
COMTNPOPUPMANAGE	LAST_UPDT_PNTTM	datetime	YES	NULL	최종수정시점
COMTNPRIVACYLOG	REQUST_ID	varchar(20)	NO	NULL	요청 ID
COMTNPRIVACYLOG	INQIRE_DT	datetime	NO	NULL	조회일시
COMTNPRIVACYLOG	SRVC_NM	varchar(500)	YES	NULL	서비스 명
COMTNPRIVACYLOG	INQIRE_INFO	varchar(100)	YES	NULL	조회 정보 명
COMTNPRIVACYLOG	RQESTER_ID	varchar(20)	YES	NULL	요청자아이디
COMTNPRIVACYLOG	RQESTER_IP	varchar(23)	YES	NULL	요청아이피
COMTNPROCESSMON	PROCS_ID	char(20)	NO	NULL	프로세스ID
COMTNPROCESSMON	PROCS_NM	varchar(60)	YES	NULL	프로세스명
COMTNPROCESSMON	PROCS_STTUS	varchar(3)	YES	NULL	프로세스상태
COMTNPROCESSMON	CREAT_DT	datetime	YES	NULL	생성일시
COMTNPROCESSMON	MNGR_NM	varchar(60)	YES	NULL	관리자명
COMTNPROCESSMON	MNGR_EMAIL_ADRES	varchar(50)	YES	NULL	관리자이메일주소
COMTNPROCESSMON	FRST_REGISTER_ID	varchar(20)	YES	NULL	최초등록자ID
COMTNPROCESSMON	FRST_REGIST_PNTTM	datetime	YES	NULL	최초등록시점
COMTNPROCESSMON	LAST_UPDUSR_ID	varchar(20)	YES	NULL	최종수정자ID
COMTNPROCESSMON	LAST_UPDT_PNTTM	datetime	YES	NULL	최종수정시점
COMTNPROCESSMONLOGINFO	PROCS_ID	char(20)	NO	NULL	프로세스ID
COMTNPROCESSMONLOGINFO	PROCS_NM	varchar(60)	YES	NULL	프로세스명
COMTNPROCESSMONLOGINFO	PROCS_STTUS	varchar(3)	YES	NULL	프로세스상태
COMTNPROCESSMONLOGINFO	CREAT_DT	datetime	YES	NULL	생성일시
COMTNPROCESSMONLOGINFO	LOG_INFO	varchar(2000)	YES	NULL	로그정보
COMTNPROCESSMONLOGINFO	MNGR_NM	varchar(60)	YES	NULL	관리자명
COMTNPROCESSMONLOGINFO	MNGR_EMAIL_ADRES	varchar(50)	YES	NULL	관리자이메일주소
COMTNPROCESSMONLOGINFO	FRST_REGISTER_ID	varchar(20)	YES	NULL	최초등록자ID
COMTNPROCESSMONLOGINFO	FRST_REGIST_PNTTM	datetime	YES	NULL	최초등록시점
COMTNPROCESSMONLOGINFO	LAST_UPDUSR_ID	varchar(20)	YES	NULL	최종수정자ID
COMTNPROCESSMONLOGINFO	LAST_UPDT_PNTTM	datetime	YES	NULL	최종수정시점
COMTNPROCESSMONLOGINFO	LOG_ID	char(20)	NO		로그ID
COMTNPROGRMLIST	PROGRM_FILE_NM	varchar(60)	NO		프로그램파일명
COMTNPROGRMLIST	PROGRM_STRE_PATH	varchar(100)	NO	NULL	프로그램저장경로
COMTNPROGRMLIST	PROGRM_KOREAN_NM	varchar(60)	YES	NULL	프로그램한글명
COMTNPROGRMLIST	PROGRM_DC	varchar(200)	YES	NULL	프로그램설명
COMTNPROGRMLIST	URL	varchar(100)	NO	NULL	URL
COMTNPROXYINFO	PROXY_ID	char(20)	NO	NULL	프록시ID
COMTNPROXYINFO	PROXY_NM	varchar(60)	YES	NULL	프록시명
COMTNPROXYINFO	PROXY_IP	varchar(23)	YES	NULL	프록시IP
COMTNPROXYINFO	PROXY_PORT	varchar(10)	YES	NULL	프록시포트
COMTNPROXYINFO	TRGET_SVC_NM	varchar(255)	YES	NULL	대상서비스명
COMTNPROXYINFO	SVC_DC	varchar(2000)	YES	NULL	서비스설명
COMTNPROXYINFO	SVC_IP	varchar(23)	YES	NULL	서비스IP
COMTNPROXYINFO	SVC_PORT	varchar(10)	YES	NULL	서비스포트
COMTNPROXYINFO	SVC_STTUS	char(2)	YES	NULL	서비스상태
COMTNPROXYINFO	FRST_REGISTER_ID	varchar(20)	YES	NULL	최초등록자ID
COMTNPROXYINFO	FRST_REGIST_PNTTM	datetime	YES	NULL	최초등록시점
COMTNPROXYINFO	LAST_UPDUSR_ID	varchar(20)	YES	NULL	최종수정자ID
COMTNPROXYINFO	LAST_UPDT_PNTTM	datetime	YES	NULL	최종수정시점
COMTNPROXYLOGINFO	PROXY_ID	char(20)	NO	NULL	프록시ID
COMTNPROXYLOGINFO	CLNT_IP	varchar(23)	YES	NULL	클라이언트IP
COMTNPROXYLOGINFO	CLNT_PORT	varchar(10)	YES	NULL	클라이언트포트
COMTNPROXYLOGINFO	CONECT_TIME	datetime	YES	NULL	접속시간
COMTNPROXYLOGINFO	FRST_REGISTER_ID	varchar(20)	YES	NULL	최초등록자ID
COMTNPROXYLOGINFO	FRST_REGIST_PNTTM	datetime	YES	NULL	최초등록시점
COMTNPROXYLOGINFO	LAST_UPDUSR_ID	varchar(20)	YES	NULL	최종수정자ID
COMTNPROXYLOGINFO	LAST_UPDT_PNTTM	datetime	YES	NULL	최종수정시점
COMTNPROXYLOGINFO	LOG_ID	char(20)	NO		로그ID
COMTNQAINFO	QA_ID	char(20)	NO	NULL	QAID
COMTNQAINFO	QESTN_SJ	varchar(255)	YES	NULL	질문제목
COMTNQAINFO	QESTN_CN	varchar(2500)	YES	NULL	질문내용
COMTNQAINFO	WRITNG_DE	char(20)	YES	NULL	작성일
COMTNQAINFO	RDCNT	decimal(10,0)	YES	NULL	조회수
COMTNQAINFO	EMAIL_ADRES	varchar(50)	YES	NULL	이메일주소
COMTNQAINFO	FRST_REGIST_PNTTM	datetime	YES	NULL	최초등록시점
COMTNQAINFO	FRST_REGISTER_ID	varchar(20)	YES	NULL	최초등록자ID
COMTNQAINFO	LAST_UPDT_PNTTM	datetime	YES	NULL	최종수정시점
COMTNQAINFO	LAST_UPDUSR_ID	varchar(20)	YES	NULL	최종수정자ID
COMTNQAINFO	QNA_PROCESS_STTUS_CODE	char(1)	YES	NULL	질의응답처리상태코드
COMTNQAINFO	WRTER_NM	varchar(20)	YES	NULL	작성자명
COMTNQAINFO	ANSWER_CN	varchar(2500)	YES	NULL	답변내용
COMTNQAINFO	WRITNG_PASSWORD	varchar(20)	YES	NULL	작성비밀번호
COMTNQAINFO	ANSWER_DE	char(20)	YES	NULL	답변일자
COMTNQAINFO	EMAIL_ANSWER_AT	char(1)	YES	NULL	메일답변여부
COMTNQAINFO	AREA_NO	varchar(4)	YES	NULL	지역번호
COMTNQAINFO	MIDDLE_TELNO	varchar(4)	YES	NULL	중간전화번호
COMTNQAINFO	END_TELNO	varchar(4)	YES	NULL	끝전화번호
COMTNQESTNRINFO	QUSTNR_TMPLAT_ID	char(20)	NO	NULL	설문템플릿ID
COMTNQESTNRINFO	QESTNR_ID	char(20)	NO	NULL	설문지ID
COMTNQESTNRINFO	QUSTNR_SJ	varchar(255)	YES	NULL	설문제목
COMTNQESTNRINFO	QUSTNR_PURPS	varchar(1000)	YES	NULL	설문목적
COMTNQESTNRINFO	QUSTNR_WRITNG_GUIDANCE_CN	varchar(2000)	YES	NULL	설문작성안내내용
COMTNQESTNRINFO	QUSTNR_TRGET	varchar(1000)	YES	NULL	설문대상
COMTNQESTNRINFO	QUSTNR_BGNDE	char(20)	YES	NULL	설문시작일
COMTNQESTNRINFO	QUSTNR_ENDDE	char(20)	YES	NULL	설문종료일
COMTNQESTNRINFO	FRST_REGIST_PNTTM	datetime	YES	NULL	최초등록시점
COMTNQESTNRINFO	FRST_REGISTER_ID	varchar(20)	YES	NULL	최초등록자ID
COMTNQESTNRINFO	LAST_UPDT_PNTTM	datetime	YES	NULL	최종수정시점
COMTNQESTNRINFO	LAST_UPDUSR_ID	varchar(20)	YES	NULL	최종수정자ID
COMTNQUSTNRIEM	QUSTNR_TMPLAT_ID	char(20)	NO	NULL	설문템플릿ID
COMTNQUSTNRIEM	QESTNR_ID	char(20)	NO	NULL	설문지ID
COMTNQUSTNRIEM	QUSTNR_QESITM_ID	char(20)	NO	NULL	설문문항ID
COMTNQUSTNRIEM	QUSTNR_IEM_ID	varchar(20)	NO	NULL	설문항목ID
COMTNQUSTNRIEM	IEM_SN	decimal(5,0)	YES	NULL	항목순번
COMTNQUSTNRIEM	IEM_CN	varchar(1000)	YES	NULL	항목내용
COMTNQUSTNRIEM	ETC_ANSWER_AT	char(1)	YES	NULL	기타답변여부
COMTNQUSTNRIEM	FRST_REGIST_PNTTM	datetime	YES	NULL	최초등록시점
COMTNQUSTNRIEM	FRST_REGISTER_ID	varchar(20)	YES	NULL	최초등록자ID
COMTNQUSTNRIEM	LAST_UPDT_PNTTM	datetime	YES	NULL	최종수정시점
COMTNQUSTNRIEM	LAST_UPDUSR_ID	varchar(20)	YES	NULL	최종수정자ID
COMTNQUSTNRQESITM	QESTNR_ID	char(20)	NO	NULL	설문지ID
COMTNQUSTNRQESITM	QUSTNR_QESITM_ID	char(20)	NO	NULL	설문문항ID
COMTNQUSTNRQESITM	QUSTNR_TMPLAT_ID	char(20)	NO	NULL	설문템플릿ID
COMTNQUSTNRQESITM	QESTN_SN	decimal(10,0)	YES	NULL	질문순번
COMTNQUSTNRQESITM	QESTN_TY_CODE	char(1)	YES	NULL	질문유형코드
COMTNQUSTNRQESITM	QESTN_CN	varchar(2500)	YES	NULL	질문내용
COMTNQUSTNRQESITM	MXMM_CHOISE_CO	decimal(5,0)	YES	NULL	최대선택개수
COMTNQUSTNRQESITM	FRST_REGIST_PNTTM	datetime	NO	NULL	최초등록시점
COMTNQUSTNRQESITM	FRST_REGISTER_ID	varchar(20)	NO	NULL	최초등록자ID
COMTNQUSTNRQESITM	LAST_UPDT_PNTTM	datetime	NO	NULL	최종수정시점
COMTNQUSTNRQESITM	LAST_UPDUSR_ID	varchar(20)	NO	NULL	최종수정자ID
COMTNQUSTNRRESPONDINFO	QUSTNR_TMPLAT_ID	char(20)	NO	NULL	설문템플릿ID
COMTNQUSTNRRESPONDINFO	QESTNR_ID	char(20)	NO	NULL	설문지ID
COMTNQUSTNRRESPONDINFO	QUSTNR_RESPOND_ID	char(20)	NO	NULL	설문응답자ID
COMTNQUSTNRRESPONDINFO	SEXDSTN_CODE	char(1)	YES	NULL	성별코드
COMTNQUSTNRRESPONDINFO	OCCP_TY_CODE	char(1)	YES	NULL	직업유형코드
COMTNQUSTNRRESPONDINFO	RESPOND_NM	varchar(50)	YES	NULL	응답자명
COMTNQUSTNRRESPONDINFO	BRTHDY	char(20)	YES	NULL	생일
COMTNQUSTNRRESPONDINFO	AREA_NO	varchar(4)	YES	NULL	지역번호
COMTNQUSTNRRESPONDINFO	MIDDLE_TELNO	varchar(4)	YES	NULL	중간전화번호
COMTNQUSTNRRESPONDINFO	END_TELNO	varchar(4)	YES	NULL	끝전화번호
COMTNQUSTNRRESPONDINFO	FRST_REGIST_PNTTM	datetime	YES	NULL	최초등록시점
COMTNQUSTNRRESPONDINFO	FRST_REGISTER_ID	varchar(20)	YES	NULL	최초등록자ID
COMTNQUSTNRRESPONDINFO	LAST_UPDT_PNTTM	datetime	YES	NULL	최종수정시점
COMTNQUSTNRRESPONDINFO	LAST_UPDUSR_ID	varchar(20)	YES	NULL	최종수정자ID
COMTNQUSTNRRSPNSRESULT	QUSTNR_RSPNS_RESULT_ID	char(20)	NO	NULL	설문응답결과ID
COMTNQUSTNRRSPNSRESULT	QESTNR_ID	char(20)	NO	NULL	설문지ID
COMTNQUSTNRRSPNSRESULT	QUSTNR_QESITM_ID	char(20)	NO	NULL	설문문항ID
COMTNQUSTNRRSPNSRESULT	QUSTNR_TMPLAT_ID	char(20)	NO	NULL	설문템플릿ID
COMTNQUSTNRRSPNSRESULT	RESPOND_ANSWER_CN	varchar(1000)	YES	NULL	응답자답변내용
COMTNQUSTNRRSPNSRESULT	ETC_ANSWER_CN	varchar(1000)	YES	NULL	기타답변내용
COMTNQUSTNRRSPNSRESULT	RESPOND_NM	varchar(50)	YES	NULL	응답자명
COMTNQUSTNRRSPNSRESULT	FRST_REGIST_PNTTM	datetime	YES	NULL	최초등록시점
COMTNQUSTNRRSPNSRESULT	FRST_REGISTER_ID	varchar(20)	YES	NULL	최초등록자ID
COMTNQUSTNRRSPNSRESULT	LAST_UPDT_PNTTM	datetime	YES	NULL	최종수정시점
COMTNQUSTNRRSPNSRESULT	LAST_UPDUSR_ID	varchar(20)	YES	NULL	최종수정자ID
COMTNQUSTNRRSPNSRESULT	QUSTNR_IEM_ID	varchar(20)	YES	NULL	설문항목ID
COMTNQUSTNRTMPLAT	QUSTNR_TMPLAT_ID	char(20)	NO	NULL	설문템플릿ID
COMTNQUSTNRTMPLAT	QUSTNR_TMPLAT_TY	varchar(100)	YES	NULL	설문템플릿유형
COMTNQUSTNRTMPLAT	QUSTNR_TMPLAT_DC	varchar(2000)	YES	NULL	설문템플릿설명
COMTNQUSTNRTMPLAT	QUSTNR_TMPLAT_PATH_NM	varchar(100)	YES	NULL	설문템플릿경로명
COMTNQUSTNRTMPLAT	FRST_REGIST_PNTTM	datetime	YES	NULL	최초등록시점
COMTNQUSTNRTMPLAT	FRST_REGISTER_ID	varchar(20)	YES	NULL	최초등록자ID
COMTNQUSTNRTMPLAT	LAST_UPDT_PNTTM	datetime	YES	NULL	최종수정시점
COMTNQUSTNRTMPLAT	LAST_UPDUSR_ID	varchar(20)	YES	NULL	최종수정자ID
COMTNQUSTNRTMPLAT	QUSTNR_TMPLAT_IMAGE_INFO	blob	YES	NULL	설문템플릿이미지정보
COMTNRECENTSRCHWRD	SRCHWRD_MANAGE_ID	char(20)	NO	NULL	검색어관리ID
COMTNRECENTSRCHWRD	RECENT_SRCHWRD_ID	char(20)	NO	NULL	최근검색어ID
COMTNRECENTSRCHWRD	RECENT_SRCHWRD_NM	varchar(255)	YES	NULL	최근검색어명
COMTNRECENTSRCHWRD	RECENT_SRCHWRD_CO	decimal(20,0)	YES	NULL	최근검색어개수
COMTNRECENTSRCHWRD	FRST_REGISTER_ID	varchar(20)	YES	NULL	최초등록자ID
COMTNRECENTSRCHWRD	FRST_REGIST_PNTTM	datetime	YES	NULL	최초등록시점
COMTNRECENTSRCHWRD	LAST_UPDUSR_ID	varchar(20)	YES	NULL	최종수정자ID
COMTNRECENTSRCHWRD	LAST_UPDT_PNTTM	datetime	YES	NULL	최종수정시점
COMTNRECENTSRCHWRDMANAGE	SRCHWRD_MANAGE_ID	char(20)	NO		검색어관리ID
COMTNRECENTSRCHWRDMANAGE	SRCHWRD_MANAGE_NM	varchar(255)	YES	NULL	검색어관리명
COMTNRECENTSRCHWRDMANAGE	SRCHWRD_CONECT_URL	varchar(255)	YES	NULL	검색어접속URL
COMTNRECENTSRCHWRDMANAGE	USER_SEARCH_AT	char(1)	YES	NULL	사용자검색여부
COMTNRECENTSRCHWRDMANAGE	FRST_REGISTER_ID	varchar(20)	YES	NULL	최초등록자ID
COMTNRECENTSRCHWRDMANAGE	FRST_REGIST_PNTTM	datetime	YES	NULL	최초등록시점
COMTNRECENTSRCHWRDMANAGE	LAST_UPDUSR_ID	varchar(20)	YES	NULL	최종수정자ID
COMTNRECENTSRCHWRDMANAGE	LAST_UPDT_PNTTM	datetime	YES	NULL	최종수정시점
COMTNRECOMENDSITEINFO	RECOMEND_SITE_ID	char(20)	NO	NULL	추천사이트ID
COMTNRECOMENDSITEINFO	RECOMEND_SITE_NM	varchar(100)	YES	NULL	추천사이트명
COMTNRECOMENDSITEINFO	RECOMEND_SITE_URL	varchar(255)	YES	NULL	추천사이트URL
COMTNRECOMENDSITEINFO	RECOMEND_SITE_DC	varchar(1000)	YES	NULL	추천사이트설명
COMTNRECOMENDSITEINFO	RECOMEND_RESN_CN	varchar(1000)	YES	NULL	추천사유내용
COMTNRECOMENDSITEINFO	RECOMEND_CONFM_AT	char(1)	YES	NULL	추천승인여부
COMTNRECOMENDSITEINFO	CONFM_DE	char(20)	YES	NULL	승인일
COMTNRECOMENDSITEINFO	FRST_REGIST_PNTTM	datetime	YES	NULL	최초등록시점
COMTNRECOMENDSITEINFO	FRST_REGISTER_ID	varchar(20)	YES	NULL	최초등록자ID
COMTNRECOMENDSITEINFO	LAST_UPDT_PNTTM	datetime	YES	NULL	최종수정시점
COMTNRECOMENDSITEINFO	LAST_UPDUSR_ID	varchar(20)	YES	NULL	최종수정자ID
COMTNREPRTSTATS	REPRT_ID	char(6)	NO		보고서ID
COMTNREPRTSTATS	REPRT_NM	varchar(20)	NO	NULL	보고서명
COMTNREPRTSTATS	REPRT_STTUS	char(2)	NO	NULL	보고서상태
COMTNREPRTSTATS	FRST_REGISTER_ID	varchar(20)	NO	NULL	최초등록자ID
COMTNREPRTSTATS	FRST_REGIST_PNTTM	datetime	YES	NULL	최초등록시점
COMTNREPRTSTATS	LAST_UPDUSR_ID	varchar(20)	YES	NULL	최종수정자ID
COMTNREPRTSTATS	LAST_UPDT_PNTTM	datetime	YES	NULL	최종수정시점
COMTNREPRTSTATS	REPRT_TY	char(2)	YES	NULL	보고서유형
COMTNRESTDE	RESTDE_NO	decimal(6,0)	NO	NULL	휴일번호
COMTNRESTDE	RESTDE	char(8)	YES	NULL	휴일
COMTNRESTDE	RESTDE_NM	varchar(60)	YES	NULL	휴일명
COMTNRESTDE	RESTDE_DC	varchar(200)	YES	NULL	휴일설명
COMTNRESTDE	RESTDE_SE_CODE	varchar(2)	YES	NULL	휴일구분코드
COMTNRESTDE	FRST_REGIST_PNTTM	datetime	YES	NULL	최초등록시점
COMTNRESTDE	FRST_REGISTER_ID	varchar(20)	YES	NULL	최초등록자ID
COMTNRESTDE	LAST_UPDT_PNTTM	datetime	YES	NULL	최종수정시점
COMTNRESTDE	LAST_UPDUSR_ID	varchar(20)	YES	NULL	최종수정자ID
COMTNROLEINFO	ROLE_CODE	varchar(50)	NO		롤코드
COMTNROLEINFO	ROLE_NM	varchar(60)	NO	NULL	롤명
COMTNROLEINFO	ROLE_PTTRN	varchar(300)	YES	NULL	롤패턴
COMTNROLEINFO	ROLE_DC	varchar(200)	YES	NULL	롤설명
COMTNROLEINFO	ROLE_TY	varchar(80)	YES	NULL	롤유형
COMTNROLEINFO	ROLE_SORT	varchar(10)	YES	NULL	롤정렬
COMTNROLEINFO	ROLE_CREAT_DE	char(20)	NO	NULL	롤생성일
COMTNROLES_HIERARCHY	PARNTS_ROLE	varchar(30)	NO	NULL	부모롤
COMTNROLES_HIERARCHY	CHLDRN_ROLE	varchar(30)	NO	NULL	자식롤
COMTNROUGHMAP	ROUGHMAP_ID	varchar(75)	NO	NULL	약도 ID
COMTNROUGHMAP	ROUGHMAPSJ	varchar(75)	NO	NULL	약도 제목
COMTNROUGHMAP	ROUGHMAPADDRESS	varchar(200)	YES	NULL	약도상세주소
COMTNROUGHMAP	LA	varchar(48)	YES	NULL	지도 위도
COMTNROUGHMAP	LO	varchar(48)	YES	NULL	지도 경도
COMTNROUGHMAP	MARKERLA	varchar(48)	YES	NULL	마커 위도
COMTNROUGHMAP	MARKERLO	varchar(48)	YES	NULL	마커 경도
COMTNROUGHMAP	INFOWINDOW	varchar(20)	YES	NULL	안내창 도움말
COMTNROUGHMAP	ZOOMLEVEL	varchar(10)	YES	NULL	지도 확대수준
COMTNROUGHMAP	FRST_REGIST_PNTTM	datetime	YES	NULL	최초등록시점
COMTNROUGHMAP	FRST_REGISTER_ID	varchar(20)	YES	NULL	최초등록자ID
COMTNROUGHMAP	LAST_UPDT_PNTTM	datetime	YES	NULL	최종수정시점
COMTNROUGHMAP	LAST_UPDUSR_ID	varchar(20)	YES	NULL	최종수정자ID
COMTNRSS	RSS_ID	char(20)	NO	NULL	RSSID
COMTNRSS	TRGET_SVC_NM	varchar(255)	NO	NULL	대상서비스명
COMTNRSS	TRGET_SVC_TABLE	varchar(255)	NO	NULL	대상서비스테이블
COMTNRSS	TRGET_SVC_LIST_CO	decimal(5,0)	NO	NULL	대상서비스목록개수
COMTNRSS	HDER_TITLE	varchar(255)	NO	NULL	헤더TITLE
COMTNRSS	HDER_LINK	varchar(255)	NO	NULL	헤더링크
COMTNRSS	HDER_DC	varchar(4000)	NO	NULL	헤더설명
COMTNRSS	HDER_TAG	varchar(255)	YES	NULL	헤더태그
COMTNRSS	HDER_ETC	varchar(250)	YES	NULL	헤더기타
COMTNRSS	BDT_TITLE	varchar(255)	YES	NULL	본문TITLE
COMTNRSS	BDT_LINK	varchar(255)	YES	NULL	본문링크
COMTNRSS	BDT_DC	varchar(4000)	YES	NULL	본문설명
COMTNRSS	BDT_TAG	varchar(255)	YES	NULL	본문태그
COMTNRSS	BDT_ETC_TAG	varchar(255)	YES	NULL	본문기타태그
COMTNRSS	FRST_REGISTER_ID	varchar(20)	YES	NULL	최초등록자ID
COMTNRSS	FRST_REGIST_PNTTM	datetime	YES	NULL	최초등록시점
COMTNRSS	LAST_UPDUSR_ID	varchar(20)	YES	NULL	최종수정자ID
COMTNRSS	LAST_UPDT_PNTTM	datetime	YES	NULL	최종수정시점
COMTNRWARDMANAGE	RWARD_ID	char(20)	NO	NULL	포상ID
COMTNRWARDMANAGE	RWARDWNR_ID	varchar(20)	NO	NULL	포상자ID
COMTNRWARDMANAGE	RWARD_CODE	char(2)	NO	NULL	포상코드
COMTNRWARDMANAGE	RWARD_DE	char(20)	NO	NULL	포상일
COMTNRWARDMANAGE	RWARD_NM	varchar(255)	NO	NULL	포상명
COMTNRWARDMANAGE	PBLEN_CN	varchar(1000)	YES	NULL	공적내용
COMTNRWARDMANAGE	SANCTNER_ID	varchar(20)	NO	NULL	결재자ID
COMTNRWARDMANAGE	CONFM_AT	char(1)	YES	NULL	승인여부
COMTNRWARDMANAGE	SANCTN_DT	datetime	YES	NULL	결재일시
COMTNRWARDMANAGE	RETURN_RESN	varchar(1000)	YES	NULL	반환사유
COMTNRWARDMANAGE	ATCH_FILE_ID	char(20)	YES	NULL	첨부파일ID
COMTNRWARDMANAGE	INFRML_SANCTN_ID	char(20)	YES	NULL	약식결재ID
COMTNRWARDMANAGE	FRST_REGISTER_ID	varchar(20)	YES	NULL	최초등록자ID
COMTNRWARDMANAGE	FRST_REGIST_PNTTM	datetime	YES	NULL	최초등록시점
COMTNRWARDMANAGE	LAST_UPDUSR_ID	varchar(20)	YES	NULL	최종수정자ID
COMTNRWARDMANAGE	LAST_UPDT_PNTTM	datetime	YES	NULL	최종수정시점
COMTNSCHDULINFO	SCHDUL_ID	char(20)	NO	NULL	일정ID
COMTNSCHDULINFO	SCHDUL_SE	char(1)	YES	NULL	일정구분
COMTNSCHDULINFO	SCHDUL_DEPT_ID	varchar(20)	YES	NULL	일정부서ID
COMTNSCHDULINFO	SCHDUL_KND_CODE	char(1)	YES	NULL	일정종류코드
COMTNSCHDULINFO	SCHDUL_BGNDE	char(20)	YES	NULL	일정시작일
COMTNSCHDULINFO	SCHDUL_ENDDE	char(20)	YES	NULL	일정종료일
COMTNSCHDULINFO	SCHDUL_NM	varchar(255)	YES	NULL	일정명
COMTNSCHDULINFO	SCHDUL_CN	varchar(2500)	YES	NULL	일정내용
COMTNSCHDULINFO	SCHDUL_PLACE	varchar(255)	YES	NULL	일정장소
COMTNSCHDULINFO	SCHDUL_IPCR_CODE	char(1)	YES	NULL	일정중요도코드
COMTNSCHDULINFO	SCHDUL_CHARGER_ID	varchar(20)	YES	NULL	일정담당자ID
COMTNSCHDULINFO	ATCH_FILE_ID	char(20)	YES	NULL	첨부파일ID
COMTNSCHDULINFO	FRST_REGIST_PNTTM	datetime	YES	NULL	최초등록시점
COMTNSCHDULINFO	FRST_REGISTER_ID	varchar(20)	YES	NULL	최초등록자ID
COMTNSCHDULINFO	LAST_UPDT_PNTTM	datetime	YES	NULL	최종수정시점
COMTNSCHDULINFO	LAST_UPDUSR_ID	varchar(20)	YES	NULL	최종수정자ID
COMTNSCHDULINFO	REPTIT_SE_CODE	char(1)	YES	NULL	반복구분코드
COMTNSCRAP	SCRAP_ID	char(20)	NO	NULL	스크랩ID
COMTNSCRAP	NTT_ID	decimal(20,0)	NO	NULL	게시물ID
COMTNSCRAP	BBS_ID	char(30)	NO	NULL	게시판ID
COMTNSCRAP	SCRAP_NM	varchar(100)	NO	NULL	스크랩명
COMTNSCRAP	USE_AT	char(1)	NO	NULL	사용여부
COMTNSCRAP	FRST_REGIST_PNTTM	datetime	NO	NULL	최초등록시점
COMTNSCRAP	LAST_UPDT_PNTTM	datetime	YES	NULL	최종수정시점
COMTNSCRAP	FRST_REGISTER_ID	varchar(20)	NO	NULL	최초등록자ID
COMTNSCRAP	LAST_UPDUSR_ID	varchar(20)	YES	NULL	최종수정자ID
COMTNSERVEREQPMNINFO	SERVER_EQPMN_ID	varchar(20)	NO	NULL	서버장비ID
COMTNSERVEREQPMNINFO	SERVER_EQPMN_NM	varchar(60)	YES	NULL	서버장비명
COMTNSERVEREQPMNINFO	SERVER_EQPMN_IP	varchar(23)	YES	NULL	서버장비IP
COMTNSERVEREQPMNINFO	SERVER_EQPMN_MNGR	varchar(60)	YES	NULL	서버장비관리자
COMTNSERVEREQPMNINFO	MNGR_EMAIL_ADRES	varchar(50)	YES	NULL	관리자이메일주소
COMTNSERVEREQPMNINFO	OPERSYSM_INFO	varchar(2000)	YES	NULL	운영체제정보
COMTNSERVEREQPMNINFO	CPU_INFO	varchar(2000)	YES	NULL	CPU정보
COMTNSERVEREQPMNINFO	MORY_INFO	varchar(2000)	YES	NULL	메모리정보
COMTNSERVEREQPMNINFO	HDDISK	char(18)	YES	NULL	HDDISK
COMTNSERVEREQPMNINFO	ETC_INFO	varchar(250)	YES	NULL	기타정보
COMTNSERVEREQPMNINFO	RGSDE	datetime	YES	NULL	등록일
COMTNSERVEREQPMNINFO	FRST_REGISTER_ID	varchar(20)	YES	NULL	최초등록자ID
COMTNSERVEREQPMNINFO	FRST_REGIST_PNTTM	datetime	YES	NULL	최초등록시점
COMTNSERVEREQPMNINFO	LAST_UPDUSR_ID	varchar(20)	YES	NULL	최종수정자ID
COMTNSERVEREQPMNINFO	LAST_UPDT_PNTTM	datetime	YES	NULL	최종수정시점
COMTNSERVEREQPMNRELATE	SERVER_EQPMN_ID	varchar(20)	NO	NULL	서버장비ID
COMTNSERVEREQPMNRELATE	FRST_REGISTER_ID	varchar(20)	YES	NULL	최초등록자ID
COMTNSERVEREQPMNRELATE	FRST_REGIST_PNTTM	datetime	YES	NULL	최초등록시점
COMTNSERVEREQPMNRELATE	LAST_UPDUSR_ID	varchar(20)	YES	NULL	최종수정자ID
COMTNSERVEREQPMNRELATE	LAST_UPDT_PNTTM	datetime	YES	NULL	최종수정시점
COMTNSERVEREQPMNRELATE	SERVER_ID	char(20)	NO	NULL	서버ID
COMTNSERVERINFO	SERVER_ID	char(20)	NO	NULL	서버ID
COMTNSERVERINFO	SERVER_NM	varchar(60)	YES	NULL	서버명
COMTNSERVERINFO	SERVER_KND	char(2)	YES	NULL	서버종류
COMTNSERVERINFO	RGSDE	datetime	YES	NULL	등록일
COMTNSERVERINFO	FRST_REGISTER_ID	varchar(20)	YES	NULL	최초등록자ID
COMTNSERVERINFO	FRST_REGIST_PNTTM	datetime	YES	NULL	최초등록시점
COMTNSERVERINFO	LAST_UPDUSR_ID	varchar(20)	YES	NULL	최종수정자ID
COMTNSERVERINFO	LAST_UPDT_PNTTM	datetime	YES	NULL	최종수정시점
COMTNSERVERRESRCELOGINFO	SERVER_EQPMN_ID	varchar(20)	NO	NULL	서버장비ID
COMTNSERVERRESRCELOGINFO	CPU_USE_RT	decimal(3,0)	YES	NULL	CPU사용율
COMTNSERVERRESRCELOGINFO	MORY_USE_RT	decimal(3,0)	YES	NULL	메모리사용율
COMTNSERVERRESRCELOGINFO	SVC_STTUS	char(2)	YES	NULL	서비스상태
COMTNSERVERRESRCELOGINFO	LOG_INFO	varchar(2000)	YES	NULL	로그정보
COMTNSERVERRESRCELOGINFO	CREAT_DT	datetime	YES	NULL	생성일시
COMTNSERVERRESRCELOGINFO	FRST_REGISTER_ID	varchar(20)	YES	NULL	최초등록자ID
COMTNSERVERRESRCELOGINFO	FRST_REGIST_PNTTM	datetime	YES	NULL	최초등록시점
COMTNSERVERRESRCELOGINFO	LAST_UPDUSR_ID	varchar(20)	YES	NULL	최종수정자ID
COMTNSERVERRESRCELOGINFO	SERVER_ID	char(20)	NO	NULL	서버ID
COMTNSERVERRESRCELOGINFO	LAST_UPDT_PNTTM	datetime	YES	NULL	최종수정시점
COMTNSERVERRESRCELOGINFO	LOG_ID	char(20)	NO		로그ID
COMTNSITELIST	SITE_ID	char(20)	NO	NULL	사이트ID
COMTNSITELIST	SITE_NM	varchar(100)	YES	NULL	사이트명
COMTNSITELIST	SITE_URL	varchar(100)	YES	NULL	사이트URL
COMTNSITELIST	SITE_DC	varchar(1000)	YES	NULL	사이트설명
COMTNSITELIST	SITE_THEMA_CL_CODE	varchar(2)	YES	NULL	사이트주제분류코드
COMTNSITELIST	ACTVTY_AT	char(1)	YES	NULL	활성여부
COMTNSITELIST	USE_AT	char(1)	YES	NULL	사용여부
COMTNSITELIST	FRST_REGIST_PNTTM	datetime	YES	NULL	최초등록시점
COMTNSITELIST	FRST_REGISTER_ID	varchar(20)	YES	NULL	최초등록자ID
COMTNSITELIST	LAST_UPDT_PNTTM	datetime	YES	NULL	최종수정시점
COMTNSITELIST	LAST_UPDUSR_ID	varchar(20)	YES	NULL	최종수정자ID
COMTNSITEMAP	MAPNG_CREAT_ID	varchar(30)	NO	NULL	매핑생성ID
COMTNSITEMAP	CREATR_ID	varchar(20)	NO	NULL	생성자ID
COMTNSITEMAP	MAPNG_FILE_NM	varchar(60)	NO	NULL	매핑파일명
COMTNSITEMAP	MAPNG_FILE_PATH	varchar(100)	NO	NULL	매핑파일경로
COMTNSMS	SMS_ID	char(20)	NO		문자메시지ID
COMTNSMS	TRNSMIS_TELNO	varchar(12)	NO	NULL	전송전화번호
COMTNSMS	TRNSMIS_CN	varchar(80)	NO	NULL	전송내용
COMTNSMS	FRST_REGIST_PNTTM	datetime	NO	NULL	최초등록시점
COMTNSMS	FRST_REGISTER_ID	varchar(20)	NO	NULL	최초등록자ID
COMTNSMSRECPTN	SMS_ID	char(20)	NO	NULL	문자메시지ID
COMTNSMSRECPTN	RECPTN_TELNO	varchar(12)	NO		수신전화번호
COMTNSMSRECPTN	RESULT_CODE	varchar(4)	YES	NULL	결과코드
COMTNSMSRECPTN	RESULT_MSSAGE	varchar(4000)	YES	NULL	결과메시지
COMTNSTPLATINFO	USE_STPLAT_ID	char(20)	NO	NULL	이용약관ID
COMTNSTPLATINFO	USE_STPLAT_NM	varchar(100)	YES	NULL	이용약관명
COMTNSTPLATINFO	USE_STPLAT_CN	mediumtext	YES	NULL	이용약관내용
COMTNSTPLATINFO	INFO_PROVD_AGRE_CN	mediumtext	YES	NULL	정보제공동의내용
COMTNSTPLATINFO	FRST_REGIST_PNTTM	datetime	YES	NULL	최초등록시점
COMTNSTPLATINFO	FRST_REGISTER_ID	varchar(20)	YES	NULL	최초등록자ID
COMTNSTPLATINFO	LAST_UPDT_PNTTM	datetime	YES	NULL	최종수정시점
COMTNSTPLATINFO	LAST_UPDUSR_ID	varchar(20)	YES	NULL	최종수정자ID
COMTNSTSFDG	STSFDG_NO	decimal(20,0)	NO	NULL	만족도번호
COMTNSTSFDG	NTT_ID	decimal(20,0)	NO	NULL	게시물ID
COMTNSTSFDG	BBS_ID	char(30)	NO	NULL	게시판ID
COMTNSTSFDG	WRTER_ID	varchar(20)	YES	NULL	작성자ID
COMTNSTSFDG	WRTER_NM	varchar(20)	YES	NULL	작성자명
COMTNSTSFDG	PASSWORD	varchar(200)	YES	NULL	비밀번호
COMTNSTSFDG	STSFDG	decimal(1,0)	NO	NULL	만족도
COMTNSTSFDG	STSFDG_CN	varchar(200)	YES	NULL	만족도내용
COMTNSTSFDG	USE_AT	char(1)	NO	NULL	사용여부
COMTNSTSFDG	FRST_REGIST_PNTTM	datetime	NO	NULL	최초등록시점
COMTNSTSFDG	LAST_UPDT_PNTTM	datetime	YES	NULL	최종수정시점
COMTNSTSFDG	FRST_REGISTER_ID	varchar(20)	NO	NULL	최초등록자ID
COMTNSTSFDG	LAST_UPDUSR_ID	varchar(20)	YES	NULL	최종수정자ID
COMTNSYNCHRNSERVERINFO	SERVER_ID	char(20)	NO	NULL	서버ID
COMTNSYNCHRNSERVERINFO	SERVER_NM	varchar(60)	YES	NULL	서버명
COMTNSYNCHRNSERVERINFO	SERVER_IP	varchar(23)	YES	NULL	서버IP
COMTNSYNCHRNSERVERINFO	SERVER_PORT	varchar(10)	YES	NULL	서버포트
COMTNSYNCHRNSERVERINFO	FTP_ID	varchar(20)	YES	NULL	FTPID
COMTNSYNCHRNSERVERINFO	FTP_PASSWORD	varchar(20)	YES	NULL	FTP비밀번호
COMTNSYNCHRNSERVERINFO	SYNCHRN_LC	varchar(255)	YES	NULL	동기화위치
COMTNSYNCHRNSERVERINFO	REFLCT_AT	char(1)	YES	NULL	반영여부
COMTNSYNCHRNSERVERINFO	FRST_REGISTER_ID	varchar(20)	YES	NULL	최초등록자ID
COMTNSYNCHRNSERVERINFO	FRST_REGIST_PNTTM	datetime	YES	NULL	최초등록시점
COMTNSYNCHRNSERVERINFO	LAST_UPDUSR_ID	varchar(20)	YES	NULL	최종수정자ID
COMTNSYNCHRNSERVERINFO	LAST_UPDT_PNTTM	datetime	YES	NULL	최종수정시점
COMTNSYSLOG	REQUST_ID	varchar(20)	NO	NULL	요청ID
COMTNSYSLOG	JOB_SE_CODE	char(3)	YES	NULL	업무구분코드
COMTNSYSLOG	INSTT_CODE	char(7)	YES	NULL	기관코드
COMTNSYSLOG	OCCRRNC_DE	datetime	YES	NULL	발생일
COMTNSYSLOG	RQESTER_IP	varchar(23)	YES	NULL	요청자IP
COMTNSYSLOG	RQESTER_ID	varchar(20)	YES	NULL	요청자ID
COMTNSYSLOG	TRGET_MENU_NM	varchar(255)	YES	NULL	대상메뉴명
COMTNSYSLOG	SVC_NM	varchar(255)	YES	NULL	서비스명
COMTNSYSLOG	METHOD_NM	varchar(60)	YES	NULL	메서드명
COMTNSYSLOG	PROCESS_SE_CODE	char(3)	YES	NULL	처리구분코드
COMTNSYSLOG	PROCESS_CO	decimal(10,0)	YES	NULL	처리수
COMTNSYSLOG	PROCESS_TIME	varchar(14)	YES	NULL	처리시간
COMTNSYSLOG	RSPNS_CODE	char(3)	YES	NULL	응답코드
COMTNSYSLOG	ERROR_SE	char(1)	YES	NULL	오류구분
COMTNSYSLOG	ERROR_CO	decimal(10,0)	YES	NULL	오류수
COMTNSYSLOG	ERROR_CODE	char(3)	YES	NULL	오류코드
COMTNSYSTEMCNTC	CNTC_ID	char(8)	NO		연계ID
COMTNSYSTEMCNTC	CNTC_NM	varchar(100)	YES	NULL	연계명
COMTNSYSTEMCNTC	PROVD_INSTT_ID	char(8)	YES	NULL	제공기관ID
COMTNSYSTEMCNTC	PROVD_SYS_ID	char(8)	YES	NULL	제공시스템ID
COMTNSYSTEMCNTC	PROVD_SVC_ID	char(8)	YES	NULL	제공서비스ID
COMTNSYSTEMCNTC	REQUST_INSTT_ID	char(8)	YES	NULL	요청기관ID
COMTNSYSTEMCNTC	REQUST_SYS_ID	char(8)	YES	NULL	요청시스템ID
COMTNSYSTEMCNTC	CONFM_AT	char(1)	YES	NULL	승인여부
COMTNSYSTEMCNTC	USE_AT	char(1)	YES	NULL	사용여부
COMTNSYSTEMCNTC	VALID_BGNDE	char(20)	YES	NULL	유효시작일자
COMTNSYSTEMCNTC	VALID_ENDDE	char(20)	YES	NULL	유효종료일자
COMTNSYSTEMCNTC	FRST_REGISTER_ID	varchar(20)	YES	NULL	최초등록자ID
COMTNSYSTEMCNTC	FRST_REGIST_PNTTM	datetime	YES	NULL	최초등록시점
COMTNSYSTEMCNTC	LAST_UPDUSR_ID	varchar(20)	YES	NULL	최종수정자ID
COMTNSYSTEMCNTC	LAST_UPDT_PNTTM	datetime	YES	NULL	최종수정시점
COMTNSYSTEMCNTC	CNTC_TY	varchar(60)	YES	NULL	연계유형
COMTNTMPLATINFO	TMPLAT_ID	char(20)	NO		템플릿ID
COMTNTMPLATINFO	TMPLAT_NM	varchar(255)	YES	NULL	템플릿명
COMTNTMPLATINFO	TMPLAT_COURS	varchar(2000)	YES	NULL	템플릿경로
COMTNTMPLATINFO	USE_AT	char(1)	YES	NULL	사용여부
COMTNTMPLATINFO	TMPLAT_SE_CODE	char(6)	YES	NULL	템플릿구분코드
COMTNTMPLATINFO	FRST_REGISTER_ID	varchar(20)	YES	NULL	최초등록자ID
COMTNTMPLATINFO	FRST_REGIST_PNTTM	datetime	YES	NULL	최초등록시점
COMTNTMPLATINFO	LAST_UPDUSR_ID	varchar(20)	YES	NULL	최종수정자ID
COMTNTMPLATINFO	LAST_UPDT_PNTTM	datetime	YES	NULL	최종수정시점
COMTNTROBLINFO	TROBL_ID	char(20)	NO	NULL	장애ID
COMTNTROBLINFO	TROBL_NM	varchar(60)	YES	NULL	장애명
COMTNTROBLINFO	TROBL_KND	char(2)	YES	NULL	장애종류
COMTNTROBLINFO	TROBL_DC	varchar(2000)	YES	NULL	장애설명
COMTNTROBLINFO	TROBL_OCCRRNC_TIME	varchar(14)	YES	NULL	장애발생시간
COMTNTROBLINFO	TROBL_RQESTER_NM	varchar(60)	YES	NULL	장애요청자명
COMTNTROBLINFO	TROBL_REQUST_TIME	varchar(14)	YES	NULL	장애요청시간
COMTNTROBLINFO	TROBL_PROCESS_RESULT	varchar(2000)	YES	NULL	장애처리결과
COMTNTROBLINFO	TROBL_OPETR_NM	varchar(60)	YES	NULL	장애처리자명
COMTNTROBLINFO	TROBL_PROCESS_TIME	varchar(14)	YES	NULL	장애처리시간
COMTNTROBLINFO	PROCESS_STTUS	char(1)	YES	NULL	처리상태
COMTNTROBLINFO	FRST_REGISTER_ID	varchar(20)	YES	NULL	최초등록자ID
COMTNTROBLINFO	FRST_REGIST_PNTTM	datetime	YES	NULL	최초등록시점
COMTNTROBLINFO	LAST_UPDUSR_ID	varchar(20)	YES	NULL	최종수정자ID
COMTNTROBLINFO	LAST_UPDT_PNTTM	datetime	YES	NULL	최종수정시점
COMTNTRSMRCVLOG	REQUST_ID	varchar(20)	NO	NULL	요청ID
COMTNTRSMRCVLOG	OCCRRNC_DE	char(20)	YES	NULL	발생일
COMTNTRSMRCVLOG	TRSMRCV_SE_CODE	char(3)	YES	NULL	송수신구분코드
COMTNTRSMRCVLOG	CNTC_ID	char(8)	YES	NULL	연계ID
COMTNTRSMRCVLOG	PROVD_INSTT_ID	char(8)	YES	NULL	제공기관ID
COMTNTRSMRCVLOG	PROVD_SYS_ID	char(8)	YES	NULL	제공시스템ID
COMTNTRSMRCVLOG	PROVD_SVC_ID	char(8)	YES	NULL	제공서비스ID
COMTNTRSMRCVLOG	REQUST_INSTT_ID	char(8)	YES	NULL	요청기관ID
COMTNTRSMRCVLOG	REQUST_SYS_ID	char(8)	YES	NULL	요청시스템ID
COMTNTRSMRCVLOG	REQUST_TRNSMIT_TM	varchar(14)	YES	NULL	요청송신시각
COMTNTRSMRCVLOG	REQUST_RECPTN_TM	varchar(14)	YES	NULL	요청수신시각
COMTNTRSMRCVLOG	RSPNS_TRNSMIT_TM	varchar(14)	YES	NULL	응답송신시각
COMTNTRSMRCVLOG	RSPNS_RECPTN_TM	varchar(14)	YES	NULL	응답수신시각
COMTNTRSMRCVLOG	RESULT_CODE	varchar(4)	YES	NULL	결과코드
COMTNTRSMRCVLOG	RESULT_MSSAGE	varchar(4000)	YES	NULL	결과메시지
COMTNTRSMRCVLOG	FRST_REGIST_PNTTM	datetime	YES	NULL	최초등록시점
COMTNTRSMRCVLOG	RQESTER_ID	varchar(20)	YES	NULL	요청자ID
COMTNTRSMRCVMNTRNG	CNTC_ID	char(8)	NO	NULL	연계ID
COMTNTRSMRCVMNTRNG	TEST_CLASS_NM	varchar(255)	YES	NULL	테스트클래스명
COMTNTRSMRCVMNTRNG	MNGR_NM	varchar(60)	YES	NULL	관리자명
COMTNTRSMRCVMNTRNG	MNGR_EMAIL_ADRES	varchar(50)	YES	NULL	관리자이메일주소
COMTNTRSMRCVMNTRNG	MNTRNG_STTUS	char(2)	YES	NULL	모니터링상태
COMTNTRSMRCVMNTRNG	CREAT_DT	datetime	YES	NULL	생성일시
COMTNTRSMRCVMNTRNG	FRST_REGISTER_ID	varchar(20)	YES	NULL	최초등록자ID
COMTNTRSMRCVMNTRNG	FRST_REGIST_PNTTM	datetime	NO	NULL	최초등록시점
COMTNTRSMRCVMNTRNG	LAST_UPDUSR_ID	varchar(20)	YES	NULL	최종수정자ID
COMTNTRSMRCVMNTRNG	LAST_UPDT_PNTTM	datetime	NO	NULL	최종수정시점
COMTNTWITTER	USER_ID	varchar(20)	NO	NULL	사용자ID
COMTNTWITTER	CNSMR_KEY	varchar(50)	NO	NULL	사용자열쇠
COMTNTWITTER	CNSMR_SECRET	varchar(50)	NO	NULL	사용자비밀
COMTNTWITTER	FRST_REGISTER_ID	varchar(20)	YES	NULL	최초등록자ID
COMTNTWITTER	FRST_REGIST_PNTTM	datetime	YES	NULL	최초등록시점
COMTNTWITTER	LAST_UPDUSR_ID	varchar(20)	YES	NULL	최종수정자ID
COMTNTWITTER	LAST_UPDT_PNTTM	datetime	YES	NULL	최종수정시점
COMTNUNITYLINK	UNITY_LINK_ID	char(20)	NO		통합링크ID
COMTNUNITYLINK	UNITY_LINK_GROUP	varchar(255)	YES	NULL	통합링크그룹
COMTNUNITYLINK	UNITY_LINK_NM	varchar(255)	YES	NULL	통합링크명
COMTNUNITYLINK	UNITY_LINK_URL	varchar(255)	YES	NULL	통합링크URL
COMTNUNITYLINK	UNITY_LINK_DC	varchar(2500)	YES	NULL	통합링크설명
COMTNUNITYLINK	FRST_REGISTER_ID	varchar(20)	YES	NULL	최초등록자ID
COMTNUNITYLINK	FRST_REGIST_PNTTM	datetime	YES	NULL	최초등록시점
COMTNUNITYLINK	LAST_UPDUSR_ID	varchar(20)	YES	NULL	최종수정자ID
COMTNUNITYLINK	LAST_UPDT_PNTTM	datetime	YES	NULL	최종수정시점
COMTNUNITYLINK	UNITY_LINK_SE_CODE	char(3)	YES	NULL	통합링크구분코드
COMTNUSERABSNCE	EMPLYR_ID	varchar(20)	NO		업무사용자ID
COMTNUSERABSNCE	USER_ABSNCE_AT	char(1)	NO	NULL	사용자부재여부
COMTNUSERABSNCE	FRST_REGISTER_ID	varchar(20)	YES	NULL	최초등록자ID
COMTNUSERABSNCE	FRST_REGIST_PNTTM	datetime	YES	NULL	최초등록시점
COMTNUSERABSNCE	LAST_UPDUSR_ID	varchar(20)	YES	NULL	최종수정자ID
COMTNUSERABSNCE	LAST_UPDT_PNTTM	datetime	YES	NULL	최종수정시점
COMTNUSERLOG	OCCRRNC_DE	char(8)	NO		발생일
COMTNUSERLOG	RQESTER_ID	varchar(20)	NO		요청자ID
COMTNUSERLOG	SVC_NM	varchar(255)	NO		서비스명
COMTNUSERLOG	METHOD_NM	varchar(60)	NO		메서드명
COMTNUSERLOG	CREAT_CO	decimal(10,0)	YES	NULL	생성수
COMTNUSERLOG	UPDT_CO	decimal(10,0)	YES	NULL	수정수
COMTNUSERLOG	RDCNT	decimal(10,0)	YES	NULL	조회수
COMTNUSERLOG	DELETE_CO	decimal(10,0)	YES	NULL	삭제수
COMTNUSERLOG	OUTPT_CO	decimal(10,0)	YES	NULL	출력수
COMTNUSERLOG	ERROR_CO	decimal(10,0)	YES	NULL	오류수
COMTNVCATNMANAGE	APPLCNT_ID	varchar(20)	NO	NULL	신청인ID
COMTNVCATNMANAGE	VCATN_SE	char(2)	NO	NULL	휴가구분
COMTNVCATNMANAGE	BGNDE	char(8)	NO	NULL	시작일
COMTNVCATNMANAGE	ENDDE	char(8)	NO	NULL	종료일
COMTNVCATNMANAGE	VCATN_RESN	varchar(200)	NO	NULL	휴가사유
COMTNVCATNMANAGE	REQST_DE	char(20)	NO	NULL	신청일
COMTNVCATNMANAGE	OCCRRNC_YEAR	char(4)	YES	NULL	발생연도
COMTNVCATNMANAGE	SANCTNER_ID	varchar(20)	YES	NULL	결재자ID
COMTNVCATNMANAGE	CONFM_AT	char(1)	YES	NULL	승인여부
COMTNVCATNMANAGE	SANCTN_DT	datetime	YES	NULL	결재일시
COMTNVCATNMANAGE	RETURN_RESN	varchar(1000)	YES	NULL	반환사유
COMTNVCATNMANAGE	INFRML_SANCTN_ID	char(20)	YES	NULL	약식결재ID
COMTNVCATNMANAGE	FRST_REGISTER_ID	varchar(20)	YES	NULL	최초등록자ID
COMTNVCATNMANAGE	FRST_REGIST_PNTTM	datetime	YES	NULL	최초등록시점
COMTNVCATNMANAGE	LAST_UPDUSR_ID	varchar(20)	YES	NULL	최종수정자ID
COMTNVCATNMANAGE	LAST_UPDT_PNTTM	datetime	YES	NULL	최종수정시점
COMTNVCATNMANAGE	NOON_SE	char(1)	YES	NULL	정오구분
COMTNWEBLOG	REQUST_ID	varchar(20)	NO	NULL	요청ID
COMTNWEBLOG	OCCRRNC_DE	datetime	YES	NULL	발생일
COMTNWEBLOG	URL	varchar(200)	YES	NULL	URL
COMTNWEBLOG	RQESTER_ID	varchar(20)	YES	NULL	요청자ID
COMTNWEBLOG	RQESTER_IP	varchar(23)	YES	NULL	요청자IP
COMTNWIKIBKMK	WIKI_BKMK_ID	char(20)	NO	NULL	Wiki즐겨찾기ID
COMTNWIKIBKMK	USER_ID	varchar(20)	NO	NULL	사용자ID
COMTNWIKIBKMK	WIKI_BKMK_NM	varchar(1000)	NO	NULL	Wiki북마크명
COMTNWIKIBKMK	FRST_REGISTER_ID	varchar(20)	YES	NULL	최초등록자ID
COMTNWIKIBKMK	FRST_REGIST_PNTTM	datetime	YES	NULL	최초등록시점
COMTNWIKIBKMK	LAST_UPDUSR_ID	varchar(20)	YES	NULL	최종수정자ID
COMTNWIKIBKMK	LAST_UPDT_PNTTM	datetime	YES	NULL	최종수정시점
COMTNWIKMNTHNGREPRT	REPRT_ID	char(6)	NO	NULL	보고서ID
COMTNWIKMNTHNGREPRT	REPRT_SE	char(1)	NO	NULL	보고서구분
COMTNWIKMNTHNGREPRT	REPRT_SJ	varchar(255)	NO	NULL	보고서제목
COMTNWIKMNTHNGREPRT	REPORT_DE	char(20)	NO	NULL	보고일
COMTNWIKMNTHNGREPRT	WRTER_ID	varchar(20)	NO	NULL	작성자ID
COMTNWIKMNTHNGREPRT	REPORTR_ID	varchar(20)	NO	NULL	보고자ID
COMTNWIKMNTHNGREPRT	REPORT_BGNDE	char(20)	NO	NULL	보고시작일
COMTNWIKMNTHNGREPRT	REPORT_ENDDE	char(20)	NO	NULL	보고종료일
COMTNWIKMNTHNGREPRT	THSWIK_REPORT_CN	mediumtext	NO	NULL	금주보고내용
COMTNWIKMNTHNGREPRT	NEXTWIK_REPORT_CN	mediumtext	NO	NULL	차주보고내용
COMTNWIKMNTHNGREPRT	PARTCLR_MATTER	varchar(2500)	YES	NULL	특이사항
COMTNWIKMNTHNGREPRT	ATCH_FILE_ID	char(20)	YES	NULL	첨부파일ID
COMTNWIKMNTHNGREPRT	CONFM_DT	varchar(14)	YES	NULL	승인일시
COMTNWIKMNTHNGREPRT	FRST_REGISTER_ID	varchar(20)	NO	NULL	최초등록자ID
COMTNWIKMNTHNGREPRT	FRST_REGIST_PNTTM	datetime	NO	NULL	최초등록시점
COMTNWIKMNTHNGREPRT	LAST_UPDUSR_ID	varchar(20)	YES	NULL	최종수정자ID
COMTNWIKMNTHNGREPRT	LAST_UPDT_PNTTM	datetime	YES	NULL	최종수정시점
COMTNWORDDICARYINFO	WORD_ID	char(20)	NO	NULL	용어ID
COMTNWORDDICARYINFO	WORD_NM	varchar(255)	YES	NULL	용어명
COMTNWORDDICARYINFO	ENG_NM	varchar(60)	YES	NULL	영문명
COMTNWORDDICARYINFO	WORD_DC	varchar(4000)	YES	NULL	용어설명
COMTNWORDDICARYINFO	SYNONM	varchar(100)	YES	NULL	동의어
COMTNWORDDICARYINFO	FRST_REGIST_PNTTM	datetime	YES	NULL	최초등록시점
COMTNWORDDICARYINFO	FRST_REGISTER_ID	varchar(20)	YES	NULL	최초등록자ID
COMTNWORDDICARYINFO	LAST_UPDT_PNTTM	datetime	YES	NULL	최종수정시점
COMTNWORDDICARYINFO	LAST_UPDUSR_ID	varchar(20)	YES	NULL	최종수정자ID
COMTRDNMADRZIP	RDMN_CODE	varchar(12)	NO	NULL	도로명코드
COMTRDNMADRZIP	SN	decimal(10,0)	NO	NULL	일련번호
COMTRDNMADRZIP	CTPRVN_NM	varchar(20)	YES	NULL	시도명
COMTRDNMADRZIP	SIGNGU_NM	varchar(20)	YES	NULL	시군구명
COMTRDNMADRZIP	RDMN	varchar(60)	YES	NULL	도로명
COMTRDNMADRZIP	BDNBR_MNNM	varchar(5)	YES	NULL	건물번호본번
COMTRDNMADRZIP	BDNBR_SLNO	varchar(5)	YES	NULL	건물번호부번
COMTRDNMADRZIP	BULD_NM	varchar(60)	YES	NULL	건물명
COMTRDNMADRZIP	DETAIL_BULD_NM	varchar(60)	YES	NULL	상세건물명
COMTRDNMADRZIP	ZIP	varchar(6)	NO	NULL	우편번호
COMTRDNMADRZIP	FRST_REGIST_PNTTM	datetime	YES	NULL	최초등록시점
COMTRDNMADRZIP	FRST_REGISTER_ID	varchar(20)	YES	NULL	최초등록자ID
COMTRDNMADRZIP	LAST_UPDT_PNTTM	datetime	YES	NULL	최종수정시점
COMTRDNMADRZIP	LAST_UPDUSR_ID	varchar(20)	YES	NULL	최종수정자ID
COMTSBBSSUMMARY	OCCRRNC_DE	char(20)	NO		발생일
COMTSBBSSUMMARY	STATS_SE	varchar(10)	NO		통계구분
COMTSBBSSUMMARY	DETAIL_STATS_SE	varchar(10)	NO		세부통계구분
COMTSBBSSUMMARY	CREAT_CO	decimal(10,0)	YES	NULL	생성수
COMTSBBSSUMMARY	TOT_RDCNT	decimal(10,0)	YES	NULL	총조회수
COMTSBBSSUMMARY	AVRG_RDCNT	decimal(10,0)	YES	NULL	평균조회수
COMTSBBSSUMMARY	TOP_INQIRE_BBSCTT_ID	varchar(20)	YES	NULL	최고조회게시글ID
COMTSBBSSUMMARY	MUMM_INQIRE_BBSCTT_ID	varchar(20)	YES	NULL	최소조회게시글ID
COMTSBBSSUMMARY	TOP_NTCR_ID	varchar(20)	YES	NULL	최고게시자ID
COMTSSYSLOGSUMMARY	OCCRRNC_DE	char(8)	NO	NULL	발생일
COMTSSYSLOGSUMMARY	SVC_NM	varchar(255)	NO	NULL	서비스명
COMTSSYSLOGSUMMARY	METHOD_NM	varchar(60)	NO	NULL	메서드명
COMTSSYSLOGSUMMARY	CREAT_CO	decimal(10,0)	YES	NULL	생성수
COMTSSYSLOGSUMMARY	UPDT_CO	decimal(10,0)	YES	NULL	수정수
COMTSSYSLOGSUMMARY	RDCNT	decimal(10,0)	YES	NULL	조회수
COMTSSYSLOGSUMMARY	DELETE_CO	decimal(10,0)	YES	NULL	삭제수
COMTSSYSLOGSUMMARY	OUTPT_CO	decimal(10,0)	YES	NULL	출력수
COMTSSYSLOGSUMMARY	ERROR_CO	decimal(10,0)	YES	NULL	오류수
COMTSTRSMRCVLOGSUMMARY	OCCRRNC_DE	char(20)	NO		발생일
COMTSTRSMRCVLOGSUMMARY	TRSMRCV_SE_CODE	char(3)	NO		송수신구분코드
COMTSTRSMRCVLOGSUMMARY	PROVD_INSTT_ID	char(8)	NO		제공기관ID
COMTSTRSMRCVLOGSUMMARY	PROVD_SYS_ID	char(8)	NO		제공시스템ID
COMTSTRSMRCVLOGSUMMARY	PROVD_SVC_ID	char(8)	NO		제공서비스ID
COMTSTRSMRCVLOGSUMMARY	REQUST_INSTT_ID	char(8)	NO		요청기관ID
COMTSTRSMRCVLOGSUMMARY	REQUST_SYS_ID	char(8)	NO		요청시스템ID
COMTSTRSMRCVLOGSUMMARY	RDCNT	decimal(10,0)	YES	NULL	조회수
COMTSTRSMRCVLOGSUMMARY	ERROR_CO	decimal(10,0)	YES	NULL	오류수
COMTSUSERSUMMARY	OCCRRNC_DE	char(20)	NO		발생일
COMTSUSERSUMMARY	STATS_SE	varchar(10)	NO		통계구분
COMTSUSERSUMMARY	DETAIL_STATS_SE	varchar(10)	NO		세부통계구분
COMTSUSERSUMMARY	USER_CO	decimal(10,0)	YES	NULL	사용자수
COMTSWEBLOGSUMMARY	OCCRRNC_DE	char(8)	NO		발생일
COMTSWEBLOGSUMMARY	URL	varchar(200)	NO		URL
COMTSWEBLOGSUMMARY	RDCNT	decimal(10,0)	YES	NULL	조회수
COMVNUSERMASTER	ESNTL_ID	char(20)	NO		
COMVNUSERMASTER	USER_ID	varchar(20)	NO		
COMVNUSERMASTER	PASSWORD	varchar(200)	YES	NULL	
COMVNUSERMASTER	USER_NM	varchar(60)	NO		
COMVNUSERMASTER	USER_ZIP	varchar(6)	NO		
COMVNUSERMASTER	USER_ADRES	varchar(100)	NO		
COMVNUSERMASTER	USER_EMAIL	varchar(50)	YES	NULL	
COMVNUSERMASTER	GROUP_ID	char(20)	YES	NULL	
COMVNUSERMASTER	USER_SE	varchar(3)	NO		
COMVNUSERMASTER	ORGNZT_ID	varchar(20)	YES	NULL	
IDS	IDGEN_TABLE_NM	varchar(20)	NO	NULL	IDGEN테이블명
IDS	IDGEN_NEXT_ID	decimal(30,0)	NO	NULL	IDGEN다음ID
IMGTEMP	ORGNZT_CODE	varchar(10)	NO	NULL	조직코드
IMGTEMP	ERNCSL_SE	varchar(2)	NO	NULL	전자관인구분
IMGTEMP	IMAGE_INFO	blob	NO	NULL	이미지정보
IMGTEMP	IMAGE_TY	varchar(20)	YES	NULL	이미지유형
J_ATTACHFILE	FILE_ID	varchar(13)	NO	NULL	파일 아이디
J_ATTACHFILE	FILE_SEQ	int	NO	NULL	파일 순번
J_ATTACHFILE	FILE_NAME	varchar(100)	NO	NULL	파일명
J_ATTACHFILE	FILE_SIZE	int	YES	NULL	파일 사이즈
J_ATTACHFILE	FILE_MASK	varchar(100)	YES	NULL	파일 마스크
J_ATTACHFILE	DOWNLOAD_COUNT	int	YES	NULL	다운로드 횟수
J_ATTACHFILE	DOWNLOAD_EXPIRE_DATE	varchar(8)	YES	NULL	다운로드 만료일
J_ATTACHFILE	DOWNLOAD_LIMIT_COUNT	int	YES	NULL	다운로드 제한 횟수
J_ATTACHFILE	REG_DATE	datetime	YES	NULL	등록일
J_ATTACHFILE	DELETE_YN	varchar(1)	YES	NULL	삭제 구분
